-- phpMyAdmin SQL Dump
-- version 5.2.1
-- https://www.phpmyadmin.net/
--
-- Servidor: 127.0.0.1
-- Tiempo de generación: 13-11-2024 a las 21:52:10
-- Versión del servidor: 10.4.32-MariaDB
-- Versión de PHP: 8.2.12

SET SQL_MODE = "NO_AUTO_VALUE_ON_ZERO";
START TRANSACTION;
SET time_zone = "+00:00";


/*!40101 SET @OLD_CHARACTER_SET_CLIENT=@@CHARACTER_SET_CLIENT */;
/*!40101 SET @OLD_CHARACTER_SET_RESULTS=@@CHARACTER_SET_RESULTS */;
/*!40101 SET @OLD_COLLATION_CONNECTION=@@COLLATION_CONNECTION */;
/*!40101 SET NAMES utf8mb4 */;

--
-- Base de datos: `shopping`
--

-- --------------------------------------------------------

--
-- Estructura de tabla para la tabla `admin`
--

CREATE TABLE `admin` (
  `id` int(11) NOT NULL,
  `username` varchar(255) NOT NULL,
  `password` varchar(255) NOT NULL,
  `creationDate` timestamp NOT NULL DEFAULT current_timestamp(),
  `updationDate` varchar(255) NOT NULL
) ENGINE=InnoDB DEFAULT CHARSET=latin1 COLLATE=latin1_swedish_ci;

--
-- Volcado de datos para la tabla `admin`
--

INSERT INTO `admin` (`id`, `username`, `password`, `creationDate`, `updationDate`) VALUES
(1, 'admin', 'admin123', '2024-11-05 16:21:18', '2024-11-13 11:21:18');

-- --------------------------------------------------------

--
-- Estructura de tabla para la tabla `category`
--

CREATE TABLE `category` (
  `id` int(11) NOT NULL,
  `categoryName` varchar(255) DEFAULT NULL,
  `categoryDescription` longtext DEFAULT NULL,
  `creationDate` timestamp NOT NULL DEFAULT current_timestamp(),
  `updationDate` varchar(255) DEFAULT NULL
) ENGINE=InnoDB DEFAULT CHARSET=latin1 COLLATE=latin1_swedish_ci;

--
-- Volcado de datos para la tabla `category`
--

INSERT INTO `category` (`id`, `categoryName`, `categoryDescription`, `creationDate`, `updationDate`) VALUES
(3, 'Hombres', 'Ropa para hombres', '2024-11-04 19:17:37', '12-11-2024 12:22:24 AM'),
(4, 'Mujeres', 'Ropa para mujeres', '2024-11-04 19:17:37', ''),
(5, 'Accesorios', 'Accesorios varios', '2024-11-04 19:17:37', ''),
(6, 'Sale', 'Items en descuento', '2024-11-04 19:17:37', '');

-- --------------------------------------------------------

--
-- Estructura de tabla para la tabla `orders`
--

CREATE TABLE `orders` (
  `id` int(11) NOT NULL,
  `userId` int(11) DEFAULT NULL,
  `productId` varchar(255) DEFAULT NULL,
  `quantity` int(11) DEFAULT NULL,
  `orderDate` timestamp NOT NULL DEFAULT current_timestamp(),
  `paymentMethod` varchar(50) DEFAULT NULL,
  `orderStatus` varchar(55) DEFAULT NULL
) ENGINE=InnoDB DEFAULT CHARSET=latin1 COLLATE=latin1_swedish_ci;

--
-- Volcado de datos para la tabla `orders`
--

INSERT INTO `orders` (`id`, `userId`, `productId`, `quantity`, `orderDate`, `paymentMethod`, `orderStatus`) VALUES
(1, 1, '3', 1, '2017-03-07 19:32:57', 'COD', NULL),
(3, 1, '4', 1, '2017-03-10 19:43:04', 'Debit / Credit card', 'Delivered'),
(4, 1, '17', 1, '2017-03-08 16:14:17', 'COD', 'in Process'),
(5, 1, '3', 1, '2017-03-08 19:21:38', 'COD', NULL),
(6, 1, '4', 1, '2017-03-08 19:21:38', 'COD', NULL);

-- --------------------------------------------------------

--
-- Estructura de tabla para la tabla `ordertrackhistory`
--

CREATE TABLE `ordertrackhistory` (
  `id` int(11) NOT NULL,
  `orderId` int(11) DEFAULT NULL,
  `status` varchar(255) DEFAULT NULL,
  `remark` mediumtext DEFAULT NULL,
  `postingDate` timestamp NOT NULL DEFAULT current_timestamp()
) ENGINE=InnoDB DEFAULT CHARSET=latin1 COLLATE=latin1_swedish_ci;

--
-- Volcado de datos para la tabla `ordertrackhistory`
--

INSERT INTO `ordertrackhistory` (`id`, `orderId`, `status`, `remark`, `postingDate`) VALUES
(1, 3, 'in Process', 'Order has been Shipped.', '2017-03-10 19:36:45'),
(2, 1, 'Delivered', 'Order Has been delivered', '2017-03-10 19:37:31'),
(3, 3, 'Delivered', 'Product delivered successfully', '2017-03-10 19:43:04'),
(4, 4, 'in Process', 'Product ready for Shipping', '2017-03-10 19:50:36');

-- --------------------------------------------------------

--
-- Estructura de tabla para la tabla `productreviews`
--

CREATE TABLE `productreviews` (
  `id` int(11) NOT NULL,
  `productId` int(11) DEFAULT NULL,
  `quality` int(11) DEFAULT NULL,
  `price` int(11) DEFAULT NULL,
  `value` int(11) DEFAULT NULL,
  `name` varchar(255) DEFAULT NULL,
  `summary` varchar(255) DEFAULT NULL,
  `review` longtext DEFAULT NULL,
  `reviewDate` timestamp NOT NULL DEFAULT current_timestamp()
) ENGINE=InnoDB DEFAULT CHARSET=latin1 COLLATE=latin1_swedish_ci;

--
-- Volcado de datos para la tabla `productreviews`
--

INSERT INTO `productreviews` (`id`, `productId`, `quality`, `price`, `value`, `name`, `summary`, `review`, `reviewDate`) VALUES
(2, 3, 4, 5, 5, 'Carlos Huaman', 'EXCELENTE PRODUCTO:)', 'La calidad es muy buena', '2024-11-04 20:43:57'),
(3, 3, 3, 4, 3, 'Mayra Paredes', 'Buena calidad', 'El material es muy duradero', '2024-11-05 20:43:57'),
(4, 3, 3, 4, 3, 'Elena Martinez', 'Igual que la foto', 'La talla es un poco pequeña', '2024-11-06 20:59:19');

-- --------------------------------------------------------

--
-- Estructura de tabla para la tabla `products`
--

CREATE TABLE `products` (
  `id` int(11) NOT NULL,
  `category` int(11) NOT NULL,
  `subCategory` int(11) DEFAULT NULL,
  `productName` varchar(255) DEFAULT NULL,
  `productCompany` varchar(255) DEFAULT NULL,
  `productPrice` int(11) DEFAULT NULL,
  `productPriceBeforeDiscount` int(11) DEFAULT NULL,
  `productDescription` longtext DEFAULT NULL,
  `productImage1` varchar(255) DEFAULT NULL,
  `productImage2` varchar(255) DEFAULT NULL,
  `productImage3` varchar(255) DEFAULT NULL,
  `shippingCharge` int(11) DEFAULT NULL,
  `productAvailability` varchar(255) DEFAULT NULL,
  `postingDate` timestamp NULL DEFAULT current_timestamp(),
  `updationDate` varchar(255) DEFAULT NULL
) ENGINE=InnoDB DEFAULT CHARSET=latin1 COLLATE=latin1_swedish_ci;

--
-- Volcado de datos para la tabla `products`
--

INSERT INTO `products` (`id`, `category`, `subCategory`, `productName`, `productCompany`, `productPrice`, `productPriceBeforeDiscount`, `productDescription`, `productImage1`, `productImage2`, `productImage3`, `shippingCharge`, `productAvailability`, `postingDate`, `updationDate`) VALUES
(1, 4, 3, 'Vestido Floral de Tiras\nMarca: H&M', 'H&M', 17, 20, '<div class=\"HoUsOy\" style=\"box-sizing: border-box; margin: 0px; padding: 0px 0px 16px; font-size: 18px; white-space: nowrap; line-height: 1.4; color: rgb(33, 33, 33); font-family: Roboto, Arial, sans-serif;\">General</div>\n<ul style=\"box-sizing: border-box; margin-bottom: 0px; margin-left: 0px; color: rgb(33, 33, 33); font-family: Roboto, Arial, sans-serif; font-size: 14px;\">\n  <li class=\"_1KuY3T row\" style=\"box-sizing: border-box; margin: 0px; padding: 0px 0px 16px; list-style: none; display: flex; flex-flow: row wrap; width: 731px;\">\n    <div class=\"vmXPri col col-3-12\" style=\"box-sizing: border-box; margin: 0px; padding: 0px 8px 0px 0px; width: 182.75px; display: inline-block; vertical-align: top; color: rgb(135, 135, 135);\">Descripción</div>\n    <ul class=\"_3dG3ix col col-9-12\" style=\"box-sizing: border-box; margin-left: 0px; width: 548.25px; display: inline-block; vertical-align: top; line-height: 1.4;\">\n      <li class=\"sNqDog\" style=\"box-sizing: border-box; margin: 0px; padding: 0px; list-style: none;\">Vestido floral de tiras de la marca H&M, ideal para primavera y verano. Elaborado en 100% poliéster, ofrece un estampado de flores en tonos pastel sobre fondo blanco, brindando un toque fresco y romántico. Su diseño de tiras ajustables permite un ajuste cómodo y personalizado. Perfecto para ocasiones casuales o eventos al aire libre, este vestido combina estilo y comodidad en una prenda ligera y femenina.</li>\n    </ul>\n  </li>\n  <li class=\"_1KuY3T row\" style=\"box-sizing: border-box; margin: 0px; padding: 0px 0px 16px; list-style: none; display: flex; flex-flow: row wrap; width: 731px;\">\n    <div class=\"vmXPri col col-3-12\" style=\"box-sizing: border-box; margin: 0px; padding: 0px 8px 0px 0px; width: 182.75px; display: inline-block; vertical-align: top; color: rgb(135, 135, 135);\">Modelo</div>\n    <ul class=\"_3dG3ix col col-9-12\" style=\"box-sizing: border-box; margin-left: 0px; width: 548.25px; display: inline-block; vertical-align: top; line-height: 1.4;\">\n      <li class=\"sNqDog\" style=\"box-sizing: border-box; margin: 0px; padding: 0px; list-style: none;\">Vestido Floral de Tiras H&M</li>\n    </ul>\n  </li>\n  <li class=\"_1KuY3T row\" style=\"box-sizing: border-box; margin: 0px; padding: 0px 0px 16px; list-style: none; display: flex; flex-flow: row wrap; width: 731px;\">\n    <div class=\"vmXPri col col-3-12\" style=\"box-sizing: border-box; margin: 0px; padding: 0px 8px 0px 0px; width: 182.75px; display: inline-block; vertical-align: top; color: rgb(135, 135, 135);\">Tamaño</div>\n    <ul class=\"_3dG3ix col col-9-12\" style=\"box-sizing: border-box; margin-left: 0px; width: 548.25px; display: inline-block; vertical-align: top; line-height: 1.4;\">\n      <li class=\"sNqDog\" style=\"box-sizing: border-box; margin: 0px; padding: 0px; list-style: none;\">S (Tamaño pequeño)</li>\n    </ul>\n  </li>\n  <li class=\"_1KuY3T row\" style=\"box-sizing: border-box; margin: 0px; padding: 0px 0px 16px; list-style: none; display: flex; flex-flow: row wrap; width: 731px;\">\n    <div class=\"vmXPri col col-3-12\" style=\"box-sizing: border-box; margin: 0px; padding: 0px 8px 0px 0px; width: 182.75px; display: inline-block; vertical-align: top; color: rgb(135, 135, 135);\">Color</div>\n    <ul class=\"_3dG3ix col col-9-12\" style=\"box-sizing: border-box; margin-left: 0px; width: 548.25px; display: inline-block; vertical-align: top; line-height: 1.4;\">\n      <li class=\"sNqDog\" style=\"box-sizing: border-box; margin: 0px; padding: 0px; list-style: none;\">Estampado Floral con tonos Pastel</li>\n    </ul>\n  </li>\n  <li class=\"_1KuY3T row\" style=\"box-sizing: border-box; margin: 0px; padding: 0px 0px 16px; list-style: none; display: flex; flex-flow: row wrap; width: 731px;\">\n    <div class=\"vmXPri col col-3-12\" style=\"box-sizing: border-box; margin: 0px; padding: 0px 8px 0px 0px; width: 182.75px; display: inline-block; vertical-align: top; color: rgb(135, 135, 135);\">Material</div>\n    <ul class=\"_3dG3ix col col-9-12\" style=\"box-sizing: border-box; margin-left: 0px; width: 548.25px; display: inline-block; vertical-align: top; line-height: 1.4;\">\n', 'vestidofloral.jpeg', 'vestidofloral2.jpeg', 'vestidofloral3.jpeg', 12, 'In Stock', '2024-11-09 16:54:35', ''),
(2, 4, 4, 'Pantalón Beige Casual ', 'Sybilla', 22, 30, '<div class=\"HoUsOy\" style=\"box-sizing: border-box; margin: 0px; padding: 0px 0px 16px; font-size: 18px; white-space: nowrap; line-height: 1.4; color: rgb(33, 33, 33); font-family: Roboto, Arial, sans-serif;\">General</div>\n<ul style=\"box-sizing: border-box; margin-bottom: 0px; margin-left: 0px; color: rgb(33, 33, 33); font-family: Roboto, Arial, sans-serif; font-size: 14px;\">\n  <li class=\"_1KuY3T row\" style=\"box-sizing: border-box; margin: 0px; padding: 0px 0px 16px; list-style: none; display: flex; flex-flow: row wrap; width: 731px;\">\n    <div class=\"vmXPri col col-3-12\" style=\"box-sizing: border-box; margin: 0px; padding: 0px 8px 0px 0px; width: 182.75px; display: inline-block; vertical-align: top; color: rgb(135, 135, 135);\">Descripción</div>\n    <ul class=\"_3dG3ix col col-9-12\" style=\"box-sizing: border-box; margin-left: 0px; width: 548.25px; display: inline-block; vertical-align: top; line-height: 1.4;\">\n      <li class=\"sNqDog\" style=\"box-sizing: border-box; margin: 0px; padding: 0px; list-style: none;\">Pantalón beige de la marca Sybilla, talla 28, ideal para un look casual y versátil. Confeccionado en 100% algodón, ofrece comodidad y estilo. Perfecto para combinar con cualquier atuendo y adecuado para diversas ocasiones.</li>\n    </ul>\n  </li>\n  <li class=\"_1KuY3T row\" style=\"box-sizing: border-box; margin: 0px; padding: 0px 0px 16px; list-style: none; display: flex; flex-flow: row wrap; width: 731px;\">\n    <div class=\"vmXPri col col-3-12\" style=\"box-sizing: border-box; margin: 0px; padding: 0px 8px 0px 0px; width: 182.75px; display: inline-block; vertical-align: top; color: rgb(135, 135, 135);\">Modelo</div>\n    <ul class=\"_3dG3ix col col-9-12\" style=\"box-sizing: border-box; margin-left: 0px; width: 548.25px; display: inline-block; vertical-align: top; line-height: 1.4;\">\n      <li class=\"sNqDog\" style=\"box-sizing: border-box; margin: 0px; padding: 0px; list-style: none;\">Pantalón Casual Sybilla</li>\n    </ul>\n  </li>\n  <li class=\"_1KuY3T row\" style=\"box-sizing: border-box; margin: 0px; padding: 0px 0px 16px; list-style: none; display: flex; flex-flow: row wrap; width: 731px;\">\n    <div class=\"vmXPri col col-3-12\" style=\"box-sizing: border-box; margin: 0px; padding: 0px 8px 0px 0px; width: 182.75px; display: inline-block; vertical-align: top; color: rgb(135, 135, 135);\">Tamaño</div>\n    <ul class=\"_3dG3ix col col-9-12\" style=\"box-sizing: border-box; margin-left: 0px; width: 548.25px; display: inline-block; vertical-align: top; line-height: 1.4;\">\n      <li class=\"sNqDog\" style=\"box-sizing: border-box; margin: 0px; padding: 0px; list-style: none;\">Talla 28</li>\n    </ul>\n  </li>\n  <li class=\"_1KuY3T row\" style=\"box-sizing: border-box; margin: 0px; padding: 0px 0px 16px; list-style: none; display: flex; flex-flow: row wrap; width: 731px;\">\n    <div class=\"vmXPri col col-3-12\" style=\"box-sizing: border-box; margin: 0px; padding: 0px 8px 0px 0px; width: 182.75px; display: inline-block; vertical-align: top; color: rgb(135, 135, 135);\">Color</div>\n    <ul class=\"_3dG3ix col col-9-12\" style=\"box-sizing: border-box; margin-left: 0px; width: 548.25px; display: inline-block; vertical-align: top; line-height: 1.4;\">\n      <li class=\"sNqDog\" style=\"box-sizing: border-box; margin: 0px; padding: 0px; list-style: none;\">Beige</li>\n    </ul>\n  </li>\n  <li class=\"_1KuY3T row\" style=\"box-sizing: border-box; margin: 0px; padding: 0px 0px 16px; list-style: none; display: flex; flex-flow: row wrap; width: 731px;\">\n    <div class=\"vmXPri col col-3-12\" style=\"box-sizing: border-box; margin: 0px; padding: 0px 8px 0px 0px; width: 182.75px; display: inline-block; vertical-align: top; color: rgb(135, 135, 135);\">Material</div>\n    <ul class=\"_3dG3ix col col-9-12\" style=\"box-sizing: border-box; margin-left: 0px; width: 548.25px; display: inline-block; vertical-align: top; line-height: 1.4;\">\n      <li class=\"sNqDog\" style=\"box-sizing: border-box; margin: 0px; padding: 0px; list-style: none;\">100% Algodón</li>\n    </ul>\n  </li>\n</ul>\n', 'pantalon.jpg', 'pantalon1.jpg', 'pantalon2.jpg', 12, 'In Stock', '2024-11-09 16:54:35', ''),
(3, 4, 4, 'Pantalón Beige Formal ', 'Zara', 27, 40, '<div class=\"HoUsOy\" style=\"box-sizing: border-box; margin: 0px; padding: 0px 0px 16px; font-size: 18px; white-space: nowrap; line-height: 1.4; color: rgb(33, 33, 33); font-family: Roboto, Arial, sans-serif;\">General</div>\n<ul style=\"box-sizing: border-box; margin-bottom: 0px; margin-left: 0px; color: rgb(33, 33, 33); font-family: Roboto, Arial, sans-serif; font-size: 14px;\">\n  <li class=\"_1KuY3T row\" style=\"box-sizing: border-box; margin: 0px; padding: 0px 0px 16px; list-style: none; display: flex; flex-flow: row wrap; width: 731px;\">\n    <div class=\"vmXPri col col-3-12\" style=\"box-sizing: border-box; margin: 0px; padding: 0px 8px 0px 0px; width: 182.75px; display: inline-block; vertical-align: top; color: rgb(135, 135, 135);\">Descripción</div>\n    <ul class=\"_3dG3ix col col-9-12\" style=\"box-sizing: border-box; margin-left: 0px; width: 548.25px; display: inline-block; vertical-align: top; line-height: 1.4;\">\n      <li class=\"sNqDog\" style=\"box-sizing: border-box; margin: 0px; padding: 0px; list-style: none;\">Pantalón beige formal de la marca Sybilla, talla 30. Ideal para un estilo elegante y profesional, confeccionado en material sastre de alta calidad que brinda un ajuste cómodo y sofisticado. Perfecto para ocasiones formales y reuniones de trabajo.</li>\n    </ul>\n  </li>\n  <li class=\"_1KuY3T row\" style=\"box-sizing: border-box; margin: 0px; padding: 0px 0px 16px; list-style: none; display: flex; flex-flow: row wrap; width: 731px;\">\n    <div class=\"vmXPri col col-3-12\" style=\"box-sizing: border-box; margin: 0px; padding: 0px 8px 0px 0px; width: 182.75px; display: inline-block; vertical-align: top; color: rgb(135, 135, 135);\">Modelo</div>\n    <ul class=\"_3dG3ix col col-9-12\" style=\"box-sizing: border-box; margin-left: 0px; width: 548.25px; display: inline-block; vertical-align: top; line-height: 1.4;\">\n      <li class=\"sNqDog\" style=\"box-sizing: border-box; margin: 0px; padding: 0px; list-style: none;\">Pantalón Formal Sybilla</li>\n    </ul>\n  </li>\n  <li class=\"_1KuY3T row\" style=\"box-sizing: border-box; margin: 0px; padding: 0px 0px 16px; list-style: none; display: flex; flex-flow: row wrap; width: 731px;\">\n    <div class=\"vmXPri col col-3-12\" style=\"box-sizing: border-box; margin: 0px; padding: 0px 8px 0px 0px; width: 182.75px; display: inline-block; vertical-align: top; color: rgb(135, 135, 135);\">Tamaño</div>\n    <ul class=\"_3dG3ix col col-9-12\" style=\"box-sizing: border-box; margin-left: 0px; width: 548.25px; display: inline-block; vertical-align: top; line-height: 1.4;\">\n      <li class=\"sNqDog\" style=\"box-sizing: border-box; margin: 0px; padding: 0px; list-style: none;\">Talla 30</li>\n    </ul>\n  </li>\n  <li class=\"_1KuY3T row\" style=\"box-sizing: border-box; margin: 0px; padding: 0px 0px 16px; list-style: none; display: flex; flex-flow: row wrap; width: 731px;\">\n    <div class=\"vmXPri col col-3-12\" style=\"box-sizing: border-box; margin: 0px; padding: 0px 8px 0px 0px; width: 182.75px; display: inline-block; vertical-align: top; color: rgb(135, 135, 135);\">Color</div>\n    <ul class=\"_3dG3ix col col-9-12\" style=\"box-sizing: border-box; margin-left: 0px; width: 548.25px; display: inline-block; vertical-align: top; line-height: 1.4;\">\n      <li class=\"sNqDog\" style=\"box-sizing: border-box; margin: 0px; padding: 0px; list-style: none;\">Beige</li>\n    </ul>\n  </li>\n  <li class=\"_1KuY3T row\" style=\"box-sizing: border-box; margin: 0px; padding: 0px 0px 16px; list-style: none; display: flex; flex-flow: row wrap; width: 731px;\">\n    <div class=\"vmXPri col col-3-12\" style=\"box-sizing: border-box; margin: 0px; padding: 0px 8px 0px 0px; width: 182.75px; display: inline-block; vertical-align: top; color: rgb(135, 135, 135);\">Material</div>\n    <ul class=\"_3dG3ix col col-9-12\" style=\"box-sizing: border-box; margin-left: 0px; width: 548.25px; display: inline-block; vertical-align: top; line-height: 1.4;\">\n      <li class=\"sNqDog\" style=\"box-sizing: border-box; margin: 0px; padding: 0px; list-style: none;\">Material Sastre</li>\n    </ul>\n  </li>\n</ul>\n', 'pantbeige.jpg', 'pantbeige1.jpg', 'pantbeige2.jpg', 12, 'In Stock', '2024-11-09 16:54:35', ''),
(4, 4, 4, 'Pantalón Deportivo Negro Adidas', 'Adidas', 18, 25, '<div class=\"HoUsOy\" style=\"box-sizing: border-box; margin: 0px; padding: 0px 0px 16px; font-size: 18px; white-space: nowrap; line-height: 1.4; color: rgb(33, 33, 33); font-family: Roboto, Arial, sans-serif;\">General</div>\n<ul style=\"box-sizing: border-box; margin-bottom: 0px; margin-left: 0px; color: rgb(33, 33, 33); font-family: Roboto, Arial, sans-serif; font-size: 14px;\">\n  <li class=\"_1KuY3T row\" style=\"box-sizing: border-box; margin: 0px; padding: 0px 0px 16px; list-style: none; display: flex; flex-flow: row wrap; width: 731px;\">\n    <div class=\"vmXPri col col-3-12\" style=\"box-sizing: border-box; margin: 0px; padding: 0px 8px 0px 0px; width: 182.75px; display: inline-block; vertical-align: top; color: rgb(135, 135, 135);\">Descripción</div>\n    <ul class=\"_3dG3ix col col-9-12\" style=\"box-sizing: border-box; margin-left: 0px; width: 548.25px; display: inline-block; vertical-align: top; line-height: 1.4;\">\n      <li class=\"sNqDog\" style=\"box-sizing: border-box; margin: 0px; padding: 0px; list-style: none;\">Pantalón deportivo negro de la marca Adidas, talla M. Ideal para entrenamientos y actividades al aire libre. Confeccionado en algodón perchado, brinda suavidad y confort en cada movimiento.</li>\n    </ul>\n  </li>\n  <li class=\"_1KuY3T row\" style=\"box-sizing: border-box; margin: 0px; padding: 0px 0px 16px; list-style: none; display: flex; flex-flow: row wrap; width: 731px;\">\n    <div class=\"vmXPri col col-3-12\" style=\"box-sizing: border-box; margin: 0px; padding: 0px 8px 0px 0px; width: 182.75px; display: inline-block; vertical-align: top; color: rgb(135, 135, 135);\">Modelo</div>\n    <ul class=\"_3dG3ix col col-9-12\" style=\"box-sizing: border-box; margin-left: 0px; width: 548.25px; display: inline-block; vertical-align: top; line-height: 1.4;\">\n      <li class=\"sNqDog\" style=\"box-sizing: border-box; margin: 0px; padding: 0px; list-style: none;\">Pantalón Deportivo Adidas</li>\n    </ul>\n  </li>\n  <li class=\"_1KuY3T row\" style=\"box-sizing: border-box; margin: 0px; padding: 0px 0px 16px; list-style: none; display: flex; flex-flow: row wrap; width: 731px;\">\n    <div class=\"vmXPri col col-3-12\" style=\"box-sizing: border-box; margin: 0px; padding: 0px 8px 0px 0px; width: 182.75px; display: inline-block; vertical-align: top; color: rgb(135, 135, 135);\">Tamaño</div>\n    <ul class=\"_3dG3ix col col-9-12\" style=\"box-sizing: border-box; margin-left: 0px; width: 548.25px; display: inline-block; vertical-align: top; line-height: 1.4;\">\n      <li class=\"sNqDog\" style=\"box-sizing: border-box; margin: 0px; padding: 0px; list-style: none;\">Talla M</li>\n    </ul>\n  </li>\n  <li class=\"_1KuY3T row\" style=\"box-sizing: border-box; margin: 0px; padding: 0px 0px 16px; list-style: none; display: flex; flex-flow: row wrap; width: 731px;\">\n    <div class=\"vmXPri col col-3-12\" style=\"box-sizing: border-box; margin: 0px; padding: 0px 8px 0px 0px; width: 182.75px; display: inline-block; vertical-align: top; color: rgb(135, 135, 135);\">Color</div>\n    <ul class=\"_3dG3ix col col-9-12\" style=\"box-sizing: border-box; margin-left: 0px; width: 548.25px; display: inline-block; vertical-align: top; line-height: 1.4;\">\n      <li class=\"sNqDog\" style=\"box-sizing: border-box; margin: 0px; padding: 0px; list-style: none;\">Negro</li>\n    </ul>\n  </li>\n  <li class=\"_1KuY3T row\" style=\"box-sizing: border-box; margin: 0px; padding: 0px 0px 16px; list-style: none; display: flex; flex-flow: row wrap; width: 731px;\">\n    <div class=\"vmXPri col col-3-12\" style=\"box-sizing: border-box; margin: 0px; padding: 0px 8px 0px 0px; width: 182.75px; display: inline-block; vertical-align: top; color: rgb(135, 135, 135);\">Material</div>\n    <ul class=\"_3dG3ix col col-9-12\" style=\"box-sizing: border-box; margin-left: 0px; width: 548.25px; display: inline-block; vertical-align: top; line-height: 1.4;\">\n      <li class=\"sNqDog\" style=\"box-sizing: border-box; margin: 0px; padding: 0px; list-style: none;\">Algodón Perchado</li>\n    </ul>\n  </li\n', 'buzo.jpg', 'buzo1.jpg', 'buzo2.jpg', 12, 'In Stock', '2024-11-09 16:54:35', ''),
(5, 4, 4, 'Leggings Azules Lisos Adidas', 'Adidas', 21, 30, '<div class=\"HoUsOy\" style=\"box-sizing: border-box; margin: 0px; padding: 0px 0px 16px; font-size: 18px; white-space: nowrap; line-height: 1.4; color: rgb(33, 33, 33); font-family: Roboto, Arial, sans-serif;\">General</div>\n<ul style=\"box-sizing: border-box; margin-bottom: 0px; margin-left: 0px; color: rgb(33, 33, 33); font-family: Roboto, Arial, sans-serif; font-size: 14px;\">\n  <li class=\"_1KuY3T row\" style=\"box-sizing: border-box; margin: 0px; padding: 0px 0px 16px; list-style: none; display: flex; flex-flow: row wrap; width: 731px;\">\n    <div class=\"vmXPri col col-3-12\" style=\"box-sizing: border-box; margin: 0px; padding: 0px 8px 0px 0px; width: 182.75px; display: inline-block; vertical-align: top; color: rgb(135, 135, 135);\">Descripción</div>\n    <ul class=\"_3dG3ix col col-9-12\" style=\"box-sizing: border-box; margin-left: 0px; width: 548.25px; display: inline-block; vertical-align: top; line-height: 1.4;\">\n      <li class=\"sNqDog\" style=\"box-sizing: border-box; margin: 0px; padding: 0px; list-style: none;\">Leggings azules lisos de la marca Adidas, talla M. Perfectos para entrenamientos y actividades deportivas. Fabricados en spandex, brindan ajuste y flexibilidad para una máxima comodidad.</li>\n    </ul>\n  </li>\n  <li class=\"_1KuY3T row\" style=\"box-sizing: border-box; margin: 0px; padding: 0px 0px 16px; list-style: none; display: flex; flex-flow: row wrap; width: 731px;\">\n    <div class=\"vmXPri col col-3-12\" style=\"box-sizing: border-box; margin: 0px; padding: 0px 8px 0px 0px; width: 182.75px; display: inline-block; vertical-align: top; color: rgb(135, 135, 135);\">Modelo</div>\n    <ul class=\"_3dG3ix col col-9-12\" style=\"box-sizing: border-box; margin-left: 0px; width: 548.25px; display: inline-block; vertical-align: top; line-height: 1.4;\">\n      <li class=\"sNqDog\" style=\"box-sizing: border-box; margin: 0px; padding: 0px; list-style: none;\">Leggings Deportivos Adidas</li>\n    </ul>\n  </li>\n  <li class=\"_1KuY3T row\" style=\"box-sizing: border-box; margin: 0px; padding: 0px 0px 16px; list-style: none; display: flex; flex-flow: row wrap; width: 731px;\">\n    <div class=\"vmXPri col col-3-12\" style=\"box-sizing: border-box; margin: 0px; padding: 0px 8px 0px 0px; width: 182.75px; display: inline-block; vertical-align: top; color: rgb(135, 135, 135);\">Tamaño</div>\n    <ul class=\"_3dG3ix col col-9-12\" style=\"box-sizing: border-box; margin-left: 0px; width: 548.25px; display: inline-block; vertical-align: top; line-height: 1.4;\">\n      <li class=\"sNqDog\" style=\"box-sizing: border-box; margin: 0px; padding: 0px; list-style: none;\">Talla M</li>\n    </ul>\n  </li>\n  <li class=\"_1KuY3T row\" style=\"box-sizing: border-box; margin: 0px; padding: 0px 0px 16px; list-style: none; display: flex; flex-flow: row wrap; width: 731px;\">\n    <div class=\"vmXPri col col-3-12\" style=\"box-sizing: border-box; margin: 0px; padding: 0px 8px 0px 0px; width: 182.75px; display: inline-block; vertical-align: top; color: rgb(135, 135, 135);\">Color</div>\n    <ul class=\"_3dG3ix col col-9-12\" style=\"box-sizing: border-box; margin-left: 0px; width: 548.25px; display: inline-block; vertical-align: top; line-height: 1.4;\">\n      <li class=\"sNqDog\" style=\"box-sizing: border-box; margin: 0px; padding: 0px; list-style: none;\">Azul</li>\n    </ul>\n  </li>\n  <li class=\"_1KuY3T row\" style=\"box-sizing: border-box; margin: 0px; padding: 0px 0px 16px; list-style: none; display: flex; flex-flow: row wrap; width: 731px;\">\n    <div class=\"vmXPri col col-3-12\" style=\"box-sizing: border-box; margin: 0px; padding: 0px 8px 0px 0px; width: 182.75px; display: inline-block; vertical-align: top; color: rgb(135, 135, 135);\">Material</div>\n    <ul class=\"_3dG3ix col col-9-12\" style=\"box-sizing: border-box; margin-left: 0px; width: 548.25px; display: inline-block; vertical-align: top; line-height: 1.4;\">\n      <li class=\"sNqDog\" style=\"box-sizing: border-box; margin: 0px; padding: 0px; list-style: none;\">Spandex</li>\n    </ul>\n  </li>\n</ul>\n', 'legin.jpg', 'legin1.jpg', 'legin2.jpg', 12, 'In Stock', '2024-11-09 16:54:35', ''),
(6, 4, 4, 'Pantalón Formal Plomo Zara', 'Zara', 25, 40, '<div class=\"HoUsOy\" style=\"box-sizing: border-box; margin: 0px; padding: 0px 0px 16px; font-size: 18px; white-space: nowrap; line-height: 1.4; color: rgb(33, 33, 33); font-family: Roboto, Arial, sans-serif;\">General</div>\n<ul style=\"box-sizing: border-box; margin-bottom: 0px; margin-left: 0px; color: rgb(33, 33, 33); font-family: Roboto, Arial, sans-serif; font-size: 14px;\">\n  <li class=\"_1KuY3T row\" style=\"box-sizing: border-box; margin: 0px; padding: 0px 0px 16px; list-style: none; display: flex; flex-flow: row wrap; width: 731px;\">\n    <div class=\"vmXPri col col-3-12\" style=\"box-sizing: border-box; margin: 0px; padding: 0px 8px 0px 0px; width: 182.75px; display: inline-block; vertical-align: top; color: rgb(135, 135, 135);\">Descripción</div>\n    <ul class=\"_3dG3ix col col-9-12\" style=\"box-sizing: border-box; margin-left: 0px; width: 548.25px; display: inline-block; vertical-align: top; line-height: 1.4;\">\n      <li class=\"sNqDog\" style=\"box-sizing: border-box; margin: 0px; padding: 0px; list-style: none;\">Pantalón formal en color plomo de la marca Zara, talla 32. Ideal para ocasiones profesionales o eventos formales, fabricado en material sastre que asegura una apariencia elegante y cómoda.</li>\n    </ul>\n  </li>\n  <li class=\"_1KuY3T row\" style=\"box-sizing: border-box; margin: 0px; padding: 0px 0px 16px; list-style: none; display: flex; flex-flow: row wrap; width: 731px;\">\n    <div class=\"vmXPri col col-3-12\" style=\"box-sizing: border-box; margin: 0px; padding: 0px 8px 0px 0px; width: 182.75px; display: inline-block; vertical-align: top; color: rgb(135, 135, 135);\">Modelo</div>\n    <ul class=\"_3dG3ix col col-9-12\" style=\"box-sizing: border-box; margin-left: 0px; width: 548.25px; display: inline-block; vertical-align: top; line-height: 1.4;\">\n      <li class=\"sNqDog\" style=\"box-sizing: border-box; margin: 0px; padding: 0px; list-style: none;\">Pantalón Formal Zara</li>\n    </ul>\n  </li>\n  <li class=\"_1KuY3T row\" style=\"box-sizing: border-box; margin: 0px; padding: 0px 0px 16px; list-style: none; display: flex; flex-flow: row wrap; width: 731px;\">\n    <div class=\"vmXPri col col-3-12\" style=\"box-sizing: border-box; margin: 0px; padding: 0px 8px 0px 0px; width: 182.75px; display: inline-block; vertical-align: top; color: rgb(135, 135, 135);\">Tamaño</div>\n    <ul class=\"_3dG3ix col col-9-12\" style=\"box-sizing: border-box; margin-left: 0px; width: 548.25px; display: inline-block; vertical-align: top; line-height: 1.4;\">\n      <li class=\"sNqDog\" style=\"box-sizing: border-box; margin: 0px; padding: 0px; list-style: none;\">Talla 32</li>\n    </ul>\n  </li>\n  <li class=\"_1KuY3T row\" style=\"box-sizing: border-box; margin: 0px; padding: 0px 0px 16px; list-style: none; display: flex; flex-flow: row wrap; width: 731px;\">\n    <div class=\"vmXPri col col-3-12\" style=\"box-sizing: border-box; margin: 0px; padding: 0px 8px 0px 0px; width: 182.75px; display: inline-block; vertical-align: top; color: rgb(135, 135, 135);\">Color</div>\n    <ul class=\"_3dG3ix col col-9-12\" style=\"box-sizing: border-box; margin-left: 0px; width: 548.25px; display: inline-block; vertical-align: top; line-height: 1.4;\">\n      <li class=\"sNqDog\" style=\"box-sizing: border-box; margin: 0px; padding: 0px; list-style: none;\">Plomo</li>\n    </ul>\n  </li>\n  <li class=\"_1KuY3T row\" style=\"box-sizing: border-box; margin: 0px; padding: 0px 0px 16px; list-style: none; display: flex; flex-flow: row wrap; width: 731px;\">\n    <div class=\"vmXPri col col-3-12\" style=\"box-sizing: border-box; margin: 0px; padding: 0px 8px 0px 0px; width: 182.75px; display: inline-block; vertical-align: top; color: rgb(135, 135, 135);\">Material</div>\n    <ul class=\"_3dG3ix col col-9-12\" style=\"box-sizing: border-box; margin-left: 0px; width: 548.25px; display: inline-block; vertical-align: top; line-height: 1.4;\">\n      <li class=\"sNqDog\" style=\"box-sizing: border-box; margin: 0px; padding: 0px; list-style: none;\">Sastre</li>\n    </ul>\n  </li>\n</ul>\n', 'plomo.jpeg', 'plomo1.png', 'plomo2.png', 12, 'In Stock', '2024-11-09 16:54:35', ''),
(7, 4, 4, 'Pantalón a Cuadros', 'Index', 15, 20, '<div class=\"HoUsOy\" style=\"box-sizing: border-box; margin: 0px; padding: 0px 0px 16px; font-size: 18px; white-space: nowrap; line-height: 1.4; color: rgb(33, 33, 33); font-family: Roboto, Arial, sans-serif;\">General</div>\n<ul style=\"box-sizing: border-box; margin-bottom: 0px; margin-left: 0px; color: rgb(33, 33, 33); font-family: Roboto, Arial, sans-serif; font-size: 14px;\">\n  <li class=\"_1KuY3T row\" style=\"box-sizing: border-box; margin: 0px; padding: 0px 0px 16px; list-style: none; display: flex; flex-flow: row wrap; width: 731px;\">\n    <div class=\"vmXPri col col-3-12\" style=\"box-sizing: border-box; margin: 0px; padding: 0px 8px 0px 0px; width: 182.75px; display: inline-block; vertical-align: top; color: rgb(135, 135, 135);\">Descripción</div>\n    <ul class=\"_3dG3ix col col-9-12\" style=\"box-sizing: border-box; margin-left: 0px; width: 548.25px; display: inline-block; vertical-align: top; line-height: 1.4;\">\n      <li class=\"sNqDog\" style=\"box-sizing: border-box; margin: 0px; padding: 0px; list-style: none;\">Pantalón de estilo casual a cuadros de la marca Index en talla L. Confeccionado en algodón, ideal para un look moderno y cómodo.</li>\n    </ul>\n  </li>\n  <li class=\"_1KuY3T row\" style=\"box-sizing: border-box; margin: 0px; padding: 0px 0px 16px; list-style: none; display: flex; flex-flow: row wrap; width: 731px;\">\n    <div class=\"vmXPri col col-3-12\" style=\"box-sizing: border-box; margin: 0px; padding: 0px 8px 0px 0px; width: 182.75px; display: inline-block; vertical-align: top; color: rgb(135, 135, 135);\">Modelo</div>\n    <ul class=\"_3dG3ix col col-9-12\" style=\"box-sizing: border-box; margin-left: 0px; width: 548.25px; display: inline-block; vertical-align: top; line-height: 1.4;\">\n      <li class=\"sNqDog\" style=\"box-sizing: border-box; margin: 0px; padding: 0px; list-style: none;\">Pantalón a Cuadros Index</li>\n    </ul>\n  </li>\n  <li class=\"_1KuY3T row\" style=\"box-sizing: border-box; margin: 0px; padding: 0px 0px 16px; list-style: none; display: flex; flex-flow: row wrap; width: 731px;\">\n    <div class=\"vmXPri col col-3-12\" style=\"box-sizing: border-box; margin: 0px; padding: 0px 8px 0px 0px; width: 182.75px; display: inline-block; vertical-align: top; color: rgb(135, 135, 135);\">Tamaño</div>\n    <ul class=\"_3dG3ix col col-9-12\" style=\"box-sizing: border-box; margin-left: 0px; width: 548.25px; display: inline-block; vertical-align: top; line-height: 1.4;\">\n      <li class=\"sNqDog\" style=\"box-sizing: border-box; margin: 0px; padding: 0px; list-style: none;\">Talla L</li>\n    </ul>\n  </li>\n  <li class=\"_1KuY3T row\" style=\"box-sizing: border-box; margin: 0px; padding: 0px 0px 16px; list-style: none; display: flex; flex-flow: row wrap; width: 731px;\">\n    <div class=\"vmXPri col col-3-12\" style=\"box-sizing: border-box; margin: 0px; padding: 0px 8px 0px 0px; width: 182.75px; display: inline-block; vertical-align: top; color: rgb(135, 135, 135);\">Color</div>\n    <ul class=\"_3dG3ix col col-9-12\" style=\"box-sizing: border-box; margin-left: 0px; width: 548.25px; display: inline-block; vertical-align: top; line-height: 1.4;\">\n      <li class=\"sNqDog\" style=\"box-sizing: border-box; margin: 0px; padding: 0px; list-style: none;\">Plomo a Cuadros</li>\n    </ul>\n  </li>\n  <li class=\"_1KuY3T row\" style=\"box-sizing: border-box; margin: 0px; padding: 0px 0px 16px; list-style: none; display: flex; flex-flow: row wrap; width: 731px;\">\n    <div class=\"vmXPri col col-3-12\" style=\"box-sizing: border-box; margin: 0px; padding: 0px 8px 0px 0px; width: 182.75px; display: inline-block; vertical-align: top; color: rgb(135, 135, 135);\">Material</div>\n    <ul class=\"_3dG3ix col col-9-12\" style=\"box-sizing: border-box; margin-left: 0px; width: 548.25px; display: inline-block; vertical-align: top; line-height: 1.4;\">\n      <li class=\"sNqDog\" style=\"box-sizing: border-box; margin: 0px; padding: 0px; list-style: none;\">Algodón</li>\n    </ul>\n  </li>\n</ul>\n', 'cuadros.png', 'cuadros1.jpeg', 'cuadros.png', 12, 'In Stock', '2024-11-09 16:54:35', ''),
(8, 4, 4, 'Pack de 3 Buzos Puma', 'Puma', 40, 65, '<div class=\"HoUsOy\" style=\"box-sizing: border-box; margin: 0px; padding: 0px 0px 16px; font-size: 18px; white-space: nowrap; line-height: 1.4; color: rgb(33, 33, 33); font-family: Roboto, Arial, sans-serif;\">General</div>\n<ul style=\"box-sizing: border-box; margin-bottom: 0px; margin-left: 0px; color: rgb(33, 33, 33); font-family: Roboto, Arial, sans-serif; font-size: 14px;\">\n  <li class=\"_1KuY3T row\" style=\"box-sizing: border-box; margin: 0px; padding: 0px 0px 16px; list-style: none; display: flex; flex-flow: row wrap; width: 731px;\">\n    <div class=\"vmXPri col col-3-12\" style=\"box-sizing: border-box; margin: 0px; padding: 0px 8px 0px 0px; width: 182.75px; display: inline-block; vertical-align: top; color: rgb(135, 135, 135);\">Descripción</div>\n    <ul class=\"_3dG3ix col col-9-12\" style=\"box-sizing: border-box; margin-left: 0px; width: 548.25px; display: inline-block; vertical-align: top; line-height: 1.4;\">\n      <li class=\"sNqDog\" style=\"box-sizing: border-box; margin: 0px; padding: 0px; list-style: none;\">Pack de tres buzos Puma en talla S, confeccionados en algodón suave y cómodo, perfectos para el uso diario.</li>\n    </ul>\n  </li>\n  <li class=\"_1KuY3T row\" style=\"box-sizing: border-box; margin: 0px; padding: 0px 0px 16px; list-style: none; display: flex; flex-flow: row wrap; width: 731px;\">\n    <div class=\"vmXPri col col-3-12\" style=\"box-sizing: border-box; margin: 0px; padding: 0px 8px 0px 0px; width: 182.75px; display: inline-block; vertical-align: top; color: rgb(135, 135, 135);\">Modelo</div>\n    <ul class=\"_3dG3ix col col-9-12\" style=\"box-sizing: border-box; margin-left: 0px; width: 548.25px; display: inline-block; vertical-align: top; line-height: 1.4;\">\n      <li class=\"sNqDog\" style=\"box-sizing: border-box; margin: 0px; padding: 0px; list-style: none;\">Pack de 3 Buzos Puma</li>\n    </ul>\n  </li>\n  <li class=\"_1KuY3T row\" style=\"box-sizing: border-box; margin: 0px; padding: 0px 0px 16px; list-style: none; display: flex; flex-flow: row wrap; width: 731px;\">\n    <div class=\"vmXPri col col-3-12\" style=\"box-sizing: border-box; margin: 0px; padding: 0px 8px 0px 0px; width: 182.75px; display: inline-block; vertical-align: top; color: rgb(135, 135, 135);\">Tamaño</div>\n    <ul class=\"_3dG3ix col col-9-12\" style=\"box-sizing: border-box; margin-left: 0px; width: 548.25px; display: inline-block; vertical-align: top; line-height: 1.4;\">\n      <li class=\"sNqDog\" style=\"box-sizing: border-box; margin: 0px; padding: 0px; list-style: none;\">Talla S</li>\n    </ul>\n  </li>\n  <li class=\"_1KuY3T row\" style=\"box-sizing: border-box; margin: 0px; padding: 0px 0px 16px; list-style: none; display: flex; flex-flow: row wrap; width: 731px;\">\n    <div class=\"vmXPri col col-3-12\" style=\"box-sizing: border-box; margin: 0px; padding: 0px 8px 0px 0px; width: 182.75px; display: inline-block; vertical-align: top; color: rgb(135, 135, 135);\">Color</div>\n    <ul class=\"_3dG3ix col col-9-12\" style=\"box-sizing: border-box; margin-left: 0px; width: 548.25px; display: inline-block; vertical-align: top; line-height: 1.4;\">\n      <li class=\"sNqDog\" style=\"box-sizing: border-box; margin: 0px; padding: 0px; list-style: none;\">Varios (Pack)</li>\n    </ul>\n  </li>\n  <li class=\"_1KuY3T row\" style=\"box-sizing: border-box; margin: 0px; padding: 0px 0px 16px; list-style: none; display: flex; flex-flow: row wrap; width: 731px;\">\n    <div class=\"vmXPri col col-3-12\" style=\"box-sizing: border-box; margin: 0px; padding: 0px 8px 0px 0px; width: 182.75px; display: inline-block; vertical-align: top; color: rgb(135, 135, 135);\">Material</div>\n    <ul class=\"_3dG3ix col col-9-12\" style=\"box-sizing: border-box; margin-left: 0px; width: 548.25px; display: inline-block; vertical-align: top; line-height: 1.4;\">\n      <li class=\"sNqDog\" style=\"box-sizing: border-box; margin: 0px; padding: 0px; list-style: none;\">Algodón</li>\n    </ul>\n  </li>\n</ul>\n', 'pack.png', 'pack2.png', 'pack2.png', 12, 'In Stock', '2024-11-09 16:54:35', ''),
(9, 4, 5, 'Falda Rosa Larga Mesh', 'Mango', 18, 26, '<div class=\"HoUsOy\" style=\"box-sizing: border-box; margin: 0px; padding: 0px 0px 16px; font-size: 18px; white-space: nowrap; line-height: 1.4; color: rgb(33, 33, 33); font-family: Roboto, Arial, sans-serif;\">General</div>\n<ul style=\"box-sizing: border-box; margin-bottom: 0px; margin-left: 0px; color: rgb(33, 33, 33); font-family: Roboto, Arial, sans-serif; font-size: 14px;\">\n  <li class=\"_1KuY3T row\" style=\"box-sizing: border-box; margin: 0px; padding: 0px 0px 16px; list-style: none; display: flex; flex-flow: row wrap; width: 731px;\">\n    <div class=\"vmXPri col col-3-12\" style=\"box-sizing: border-box; margin: 0px; padding: 0px 8px 0px 0px; width: 182.75px; display: inline-block; vertical-align: top; color: rgb(135, 135, 135);\">Descripción</div>\n    <ul class=\"_3dG3ix col col-9-12\" style=\"box-sizing: border-box; margin-left: 0px; width: 548.25px; display: inline-block; vertical-align: top; line-height: 1.4;\">\n      <li class=\"sNqDog\" style=\"box-sizing: border-box; margin: 0px; padding: 0px; list-style: none;\">Falda larga de color rosa, elaborada con material mesh ligero y cómodo. Ideal para ocasiones especiales o un look casual y elegante.</li>\n    </ul>\n  </li>\n  <li class=\"_1KuY3T row\" style=\"box-sizing: border-box; margin: 0px; padding: 0px 0px 16px; list-style: none; display: flex; flex-flow: row wrap; width: 731px;\">\n    <div class=\"vmXPri col col-3-12\" style=\"box-sizing: border-box; margin: 0px; padding: 0px 8px 0px 0px; width: 182.75px; display: inline-block; vertical-align: top; color: rgb(135, 135, 135);\">Modelo</div>\n    <ul class=\"_3dG3ix col col-9-12\" style=\"box-sizing: border-box; margin-left: 0px; width: 548.25px; display: inline-block; vertical-align: top; line-height: 1.4;\">\n      <li class=\"sNqDog\" style=\"box-sizing: border-box; margin: 0px; padding: 0px; list-style: none;\">Falda Rosa Larga Mesh</li>\n    </ul>\n  </li>\n  <li class=\"_1KuY3T row\" style=\"box-sizing: border-box; margin: 0px; padding: 0px 0px 16px; list-style: none; display: flex; flex-flow: row wrap; width: 731px;\">\n    <div class=\"vmXPri col col-3-12\" style=\"box-sizing: border-box; margin: 0px; padding: 0px 8px 0px 0px; width: 182.75px; display: inline-block; vertical-align: top; color: rgb(135, 135, 135);\">Tamaño</div>\n    <ul class=\"_3dG3ix col col-9-12\" style=\"box-sizing: border-box; margin-left: 0px; width: 548.25px; display: inline-block; vertical-align: top; line-height: 1.4;\">\n      <li class=\"sNqDog\" style=\"box-sizing: border-box; margin: 0px; padding: 0px; list-style: none;\">Talla S</li>\n    </ul>\n  </li>\n  <li class=\"_1KuY3T row\" style=\"box-sizing: border-box; margin: 0px; padding: 0px 0px 16px; list-style: none; display: flex; flex-flow: row wrap; width: 731px;\">\n    <div class=\"vmXPri col col-3-12\" style=\"box-sizing: border-box; margin: 0px; padding: 0px 8px 0px 0px; width: 182.75px; display: inline-block; vertical-align: top; color: rgb(135, 135, 135);\">Color</div>\n    <ul class=\"_3dG3ix col col-9-12\" style=\"box-sizing: border-box; margin-left: 0px; width: 548.25px; display: inline-block; vertical-align: top; line-height: 1.4;\">\n      <li class=\"sNqDog\" style=\"box-sizing: border-box; margin: 0px; padding: 0px; list-style: none;\">Rosa</li>\n    </ul>\n  </li>\n  <li class=\"_1KuY3T row\" style=\"box-sizing: border-box; margin: 0px; padding: 0px 0px 16px; list-style: none; display: flex; flex-flow: row wrap; width: 731px;\">\n    <div class=\"vmXPri col col-3-12\" style=\"box-sizing: border-box; margin: 0px; padding: 0px 8px 0px 0px; width: 182.75px; display: inline-block; vertical-align: top; color: rgb(135, 135, 135);\">Material</div>\n    <ul class=\"_3dG3ix col col-9-12\" style=\"box-sizing: border-box; margin-left: 0px; width: 548.25px; display: inline-block; vertical-align: top; line-height: 1.4;\">\n      <li class=\"sNqDog\" style=\"box-sizing: border-box; margin: 0px; padding: 0px; list-style: none;\">Mesh</li>\n    </ul>\n  </li>\n</ul>\n', 'falda.jpg', 'falda1.jpg', 'falda2.jpg', 12, 'In Stock', '2024-11-09 16:54:35', ''),
(11, 4, 6, 'Casaca Roja', 'Sybilla', 25, 28, '<div class=\"HoUsOy\" style=\"box-sizing: border-box; margin: 0px; padding: 0px 0px 16px; font-size: 18px; white-space: nowrap; line-height: 1.4; color: rgb(33, 33, 33); font-family: Roboto, Arial, sans-serif;\">General</div>\n<ul style=\"box-sizing: border-box; margin-bottom: 0px; margin-left: 0px; color: rgb(33, 33, 33); font-family: Roboto, Arial, sans-serif; font-size: 14px;\">\n  <li class=\"_1KuY3T row\" style=\"box-sizing: border-box; margin: 0px; padding: 0px 0px 16px; list-style: none; display: flex; flex-flow: row wrap; width: 731px;\">\n    <div class=\"vmXPri col col-3-12\" style=\"box-sizing: border-box; margin: 0px; padding: 0px 8px 0px 0px; width: 182.75px; display: inline-block; vertical-align: top; color: rgb(135, 135, 135);\">Descripción</div>\n    <ul class=\"_3dG3ix col col-9-12\" style=\"box-sizing: border-box; margin-left: 0px; width: 548.25px; display: inline-block; vertical-align: top; line-height: 1.4;\">\n      <li class=\"sNqDog\" style=\"box-sizing: border-box; margin: 0px; padding: 0px; list-style: none;\">Casaca roja de manga larga, fabricada en algodón, ideal para mantenerte abrigada y cómoda durante las temporadas frías. Con un diseño sencillo y elegante, esta prenda es perfecta para tu día a día, combinando con diversos estilos y outfits.</li>\n    </ul>\n  </li>\n  <li class=\"_1KuY3T row\" style=\"box-sizing: border-box; margin: 0px; padding: 0px 0px 16px; list-style: none; display: flex; flex-flow: row wrap; width: 731px;\">\n    <div class=\"vmXPri col col-3-12\" style=\"box-sizing: border-box; margin: 0px; padding: 0px 8px 0px 0px; width: 182.75px; display: inline-block; vertical-align: top; color: rgb(135, 135, 135);\">Modelo</div>\n    <ul class=\"_3dG3ix col col-9-12\" style=\"box-sizing: border-box; margin-left: 0px; width: 548.25px; display: inline-block; vertical-align: top; line-height: 1.4;\">\n      <li class=\"sNqDog\" style=\"box-sizing: border-box; margin: 0px; padding: 0px; list-style: none;\">Casaca Roja Talla S</li>\n    </ul>\n  </li>\n  <li class=\"_1KuY3T row\" style=\"box-sizing: border-box; margin: 0px; padding: 0px 0px 16px; list-style: none; display: flex; flex-flow: row wrap; width: 731px;\">\n    <div class=\"vmXPri col col-3-12\" style=\"box-sizing: border-box; margin: 0px; padding: 0px 8px 0px 0px; width: 182.75px; display: inline-block; vertical-align: top; color: rgb(135, 135, 135);\">Tamaño</div>\n    <ul class=\"_3dG3ix col col-9-12\" style=\"box-sizing: border-box; margin-left: 0px; width: 548.25px; display: inline-block; vertical-align: top; line-height: 1.4;\">\n      <li class=\"sNqDog\" style=\"box-sizing: border-box; margin: 0px; padding: 0px; list-style: none;\">Talla S</li>\n    </ul>\n  </li>\n  <li class=\"_1KuY3T row\" style=\"box-sizing: border-box; margin: 0px; padding: 0px 0px 16px; list-style: none; display: flex; flex-flow: row wrap; width: 731px;\">\n    <div class=\"vmXPri col col-3-12\" style=\"box-sizing: border-box; margin: 0px; padding: 0px 8px 0px 0px; width: 182.75px; display: inline-block; vertical-align: top; color: rgb(135, 135, 135);\">Color</div>\n    <ul class=\"_3dG3ix col col-9-12\" style=\"box-sizing: border-box; margin-left: 0px; width: 548.25px; display: inline-block; vertical-align: top; line-height: 1.4;\">\n      <li class=\"sNqDog\" style=\"box-sizing: border-box; margin: 0px; padding: 0px; list-style: none;\">Rojo</li>\n    </ul>\n  </li>\n  <li class=\"_1KuY3T row\" style=\"box-sizing: border-box; margin: 0px; padding: 0px 0px 16px; list-style: none; display: flex; flex-flow: row wrap; width: 731px;\">\n    <div class=\"vmXPri col col-3-12\" style=\"box-sizing: border-box; margin: 0px; padding: 0px 8px 0px 0px; width: 182.75px; display: inline-block; vertical-align: top; color: rgb(135, 135, 135);\">Material</div>\n    <ul class=\"_3dG3ix col col-9-12\" style=\"box-sizing: border-box; margin-left: 0px; width: 548.25px; display: inline-block; vertical-align: top; line-height: 1.4;\">\n      <li class=\"sNqDog\" style=\"box-sizing: border-box; margin: 0px; padding: 0px; list-style: none;\">Algodón</li>\n    </ul>\n  </li>\n</ul>\n', 'casaca.jpg', 'casaca1.jpg', 'casaca2.jpg', 12, 'In Stock', '2024-11-09 16:54:35', ''),
(12, 4, 6, 'Casaca de Cuero Café Renzo Costa', 'Renzo Costa', 40, 55, '<div class=\"HoUsOy\" style=\"box-sizing: border-box; margin: 0px; padding: 0px 0px 16px; font-size: 18px; white-space: nowrap; line-height: 1.4; color: rgb(33, 33, 33); font-family: Roboto, Arial, sans-serif;\">General</div>\n<ul style=\"box-sizing: border-box; margin-bottom: 0px; margin-left: 0px; color: rgb(33, 33, 33); font-family: Roboto, Arial, sans-serif; font-size: 14px;\">\n  <li class=\"_1KuY3T row\" style=\"box-sizing: border-box; margin: 0px; padding: 0px 0px 16px; list-style: none; display: flex; flex-flow: row wrap; width: 731px;\">\n    <div class=\"vmXPri col col-3-12\" style=\"box-sizing: border-box; margin: 0px; padding: 0px 8px 0px 0px; width: 182.75px; display: inline-block; vertical-align: top; color: rgb(135, 135, 135);\">Descripción</div>\n    <ul class=\"_3dG3ix col col-9-12\" style=\"box-sizing: border-box; margin-left: 0px; width: 548.25px; display: inline-block; vertical-align: top; line-height: 1.4;\">\n      <li class=\"sNqDog\" style=\"box-sizing: border-box; margin: 0px; padding: 0px; list-style: none;\">Casaca de cuero café de alta calidad, diseñada para ofrecer un estilo sofisticado y moderno. Esta prenda combina perfectamente con atuendos tanto casuales como formales. Con un diseño clásico y detalles que resaltan la elegancia, es ideal para quienes buscan calidad y confort en su vestimenta.</li>\n    </ul>\n  </li>\n  <li class=\"_1KuY3T row\" style=\"box-sizing: border-box; margin: 0px; padding: 0px 0px 16px; list-style: none; display: flex; flex-flow: row wrap; width: 731px;\">\n    <div class=\"vmXPri col col-3-12\" style=\"box-sizing: border-box; margin: 0px; padding: 0px 8px 0px 0px; width: 182.75px; display: inline-block; vertical-align: top; color: rgb(135, 135, 135);\">Modelo</div>\n    <ul class=\"_3dG3ix col col-9-12\" style=\"box-sizing: border-box; margin-left: 0px; width: 548.25px; display: inline-block; vertical-align: top; line-height: 1.4;\">\n      <li class=\"sNqDog\" style=\"box-sizing: border-box; margin: 0px; padding: 0px; list-style: none;\">Casaca de Cuero Café</li>\n    </ul>\n  </li>\n  <li class=\"_1KuY3T row\" style=\"box-sizing: border-box; margin: 0px; padding: 0px 0px 16px; list-style: none; display: flex; flex-flow: row wrap; width: 731px;\">\n    <div class=\"vmXPri col col-3-12\" style=\"box-sizing: border-box; margin: 0px; padding: 0px 8px 0px 0px; width: 182.75px; display: inline-block; vertical-align: top; color: rgb(135, 135, 135);\">Tamaño</div>\n    <ul class=\"_3dG3ix col col-9-12\" style=\"box-sizing: border-box; margin-left: 0px; width: 548.25px; display: inline-block; vertical-align: top; line-height: 1.4;\">\n      <li class=\"sNqDog\" style=\"box-sizing: border-box; margin: 0px; padding: 0px; list-style: none;\">Disponible en varias tallas</li>\n    </ul>\n  </li>\n  <li class=\"_1KuY3T row\" style=\"box-sizing: border-box; margin: 0px; padding: 0px 0px 16px; list-style: none; display: flex; flex-flow: row wrap; width: 731px;\">\n    <div class=\"vmXPri col col-3-12\" style=\"box-sizing: border-box; margin: 0px; padding: 0px 8px 0px 0px; width: 182.75px; display: inline-block; vertical-align: top; color: rgb(135, 135, 135);\">Color</div>\n    <ul class=\"_3dG3ix col col-9-12\" style=\"box-sizing: border-box; margin-left: 0px; width: 548.25px; display: inline-block; vertical-align: top; line-height: 1.4;\">\n      <li class=\"sNqDog\" style=\"box-sizing: border-box; margin: 0px; padding: 0px; list-style: none;\">Café</li>\n    </ul>\n  </li>\n  <li class=\"_1KuY3T row\" style=\"box-sizing: border-box; margin: 0px; padding: 0px 0px 16px; list-style: none; display: flex; flex-flow: row wrap; width: 731px;\">\n    <div class=\"vmXPri col col-3-12\" style=\"box-sizing: border-box; margin: 0px; padding: 0px 8px 0px 0px; width: 182.75px; display: inline-block; vertical-align: top; color: rgb(135, 135, 135);\">Material</div>\n    <ul class=\"_3dG3ix col col-9-12\" style=\"box-sizing: border-box; margin-left: 0px; width: 548.25px; display: inline-block; vertical-align: top; line-height: 1.4;\">\n      <li class=\"sNqDog\" style=\"box-sizing: border-box; margin: 0px; padding: 0px; list-style: none;\">Cuero</li>\n    </ul>\n  </li>\n</ul>\n', 'cuero.jpg', 'cuero1.jpg', 'cuero2.jpg', 12, 'In Stock', '2024-11-09 16:54:35', '');
INSERT INTO `products` (`id`, `category`, `subCategory`, `productName`, `productCompany`, `productPrice`, `productPriceBeforeDiscount`, `productDescription`, `productImage1`, `productImage2`, `productImage3`, `shippingCharge`, `productAvailability`, `postingDate`, `updationDate`) VALUES
(13, 4, 6, ' Casaca de Invierno Rosa Felpuda ', 'Mango', 15, 21, '<div class=\"HoUsOy\" style=\"box-sizing: border-box; margin: 0px; padding: 0px 0px 16px; font-size: 18px; white-space: nowrap; line-height: 1.4; color: rgb(33, 33, 33); font-family: Roboto, Arial, sans-serif;\">General</div>\n<ul style=\"box-sizing: border-box; margin-bottom: 0px; margin-left: 0px; color: rgb(33, 33, 33); font-family: Roboto, Arial, sans-serif; font-size: 14px;\">\n  <li class=\"_1KuY3T row\" style=\"box-sizing: border-box; margin: 0px; padding: 0px 0px 16px; list-style: none; display: flex; flex-flow: row wrap; width: 731px;\">\n    <div class=\"vmXPri col col-3-12\" style=\"box-sizing: border-box; margin: 0px; padding: 0px 8px 0px 0px; width: 182.75px; display: inline-block; vertical-align: top; color: rgb(135, 135, 135);\">Descripción</div>\n    <ul class=\"_3dG3ix col col-9-12\" style=\"box-sizing: border-box; margin-left: 0px; width: 548.25px; display: inline-block; vertical-align: top; line-height: 1.4;\">\n      <li class=\"sNqDog\" style=\"box-sizing: border-box; margin: 0px; padding: 0px; list-style: none;\">Casaca de invierno rosa felpuda, ideal para mantenerte cálida durante los días fríos. Confeccionada en terciopelo de alta calidad, esta prenda es suave al tacto y proporciona una excelente comodidad. Su diseño moderno y color vibrante la convierten en una opción perfecta para tus looks de invierno.</li>\n    </ul>\n  </li>\n  <li class=\"_1KuY3T row\" style=\"box-sizing: border-box; margin: 0px; padding: 0px 0px 16px; list-style: none; display: flex; flex-flow: row wrap; width: 731px;\">\n    <div class=\"vmXPri col col-3-12\" style=\"box-sizing: border-box; margin: 0px; padding: 0px 8px 0px 0px; width: 182.75px; display: inline-block; vertical-align: top; color: rgb(135, 135, 135);\">Modelo</div>\n    <ul class=\"_3dG3ix col col-9-12\" style=\"box-sizing: border-box; margin-left: 0px; width: 548.25px; display: inline-block; vertical-align: top; line-height: 1.4;\">\n      <li class=\"sNqDog\" style=\"box-sizing: border-box; margin: 0px; padding: 0px; list-style: none;\">Casaca de Invierno Rosa Felpuda</li>\n    </ul>\n  </li>\n  <li class=\"_1KuY3T row\" style=\"box-sizing: border-box; margin: 0px; padding: 0px 0px 16px; list-style: none; display: flex; flex-flow: row wrap; width: 731px;\">\n    <div class=\"vmXPri col col-3-12\" style=\"box-sizing: border-box; margin: 0px; padding: 0px 8px 0px 0px; width: 182.75px; display: inline-block; vertical-align: top; color: rgb(135, 135, 135);\">Tamaño</div>\n    <ul class=\"_3dG3ix col col-9-12\" style=\"box-sizing: border-box; margin-left: 0px; width: 548.25px; display: inline-block; vertical-align: top; line-height: 1.4;\">\n      <li class=\"sNqDog\" style=\"box-sizing: border-box; margin: 0px; padding: 0px; list-style: none;\">Disponible en talla S</li>\n    </ul>\n  </li>\n  <li class=\"_1KuY3T row\" style=\"box-sizing: border-box; margin: 0px; padding: 0px 0px 16px; list-style: none; display: flex; flex-flow: row wrap; width: 731px;\">\n    <div class=\"vmXPri col col-3-12\" style=\"box-sizing: border-box; margin: 0px; padding: 0px 8px 0px 0px; width: 182.75px; display: inline-block; vertical-align: top; color: rgb(135, 135, 135);\">Color</div>\n    <ul class=\"_3dG3ix col col-9-12\" style=\"box-sizing: border-box; margin-left: 0px; width: 548.25px; display: inline-block; vertical-align: top; line-height: 1.4;\">\n      <li class=\"sNqDog\" style=\"box-sizing: border-box; margin: 0px; padding: 0px; list-style: none;\">Rosa</li>\n    </ul>\n  </li>\n  <li class=\"_1KuY3T row\" style=\"box-sizing: border-box; margin: 0px; padding: 0px 0px 16px; list-style: none; display: flex; flex-flow: row wrap; width: 731px;\">\n    <div class=\"vmXPri col col-3-12\" style=\"box-sizing: border-box; margin: 0px; padding: 0px 8px 0px 0px; width: 182.75px; display: inline-block; vertical-align: top; color: rgb(135, 135, 135);\">Material</div>\n    <ul class=\"_3dG3ix col col-9-12\" style=\"box-sizing: border-box; margin-left: 0px; width: 548.25px; display: inline-block; vertical-align: top; line-height: 1.4;\">\n      <li class=\"sNqDog\" style=\"box-sizing: border-box; margin: 0px; padding: 0px; list-style: none;\">Terciopelo</li>\n    </ul>\n  </li>\n</ul>\n', 'rosa.jpg', 'rosa1.jpg', 'rosa2.jpg', 12, 'In Stock', '2024-11-09 16:54:35', ''),
(14, 4, 6, 'Casaca Denim Blanca Casual', 'Piers', 23, 25, '<div class=\"HoUsOy\" style=\"box-sizing: border-box; margin: 0px; padding: 0px 0px 16px; font-size: 18px; white-space: nowrap; line-height: 1.4; color: rgb(33, 33, 33); font-family: Roboto, Arial, sans-serif;\">General</div>\n<ul style=\"box-sizing: border-box; margin-bottom: 0px; margin-left: 0px; color: rgb(33, 33, 33); font-family: Roboto, Arial, sans-serif; font-size: 14px;\">\n  <li class=\"_1KuY3T row\" style=\"box-sizing: border-box; margin: 0px; padding: 0px 0px 16px; list-style: none; display: flex; flex-flow: row wrap; width: 731px;\">\n    <div class=\"vmXPri col col-3-12\" style=\"box-sizing: border-box; margin: 0px; padding: 0px 8px 0px 0px; width: 182.75px; display: inline-block; vertical-align: top; color: rgb(135, 135, 135);\">Descripción</div>\n    <ul class=\"_3dG3ix col col-9-12\" style=\"box-sizing: border-box; margin-left: 0px; width: 548.25px; display: inline-block; vertical-align: top; line-height: 1.4;\">\n      <li class=\"sNqDog\" style=\"box-sizing: border-box; margin: 0px; padding: 0px; list-style: none;\">Casaca de denim blanca de la marca Piers, diseñada para darle un toque moderno y fresco a tu estilo. Confeccionada en denim de alta calidad, esta casaca es ideal para combinar con tus prendas favoritas. Su diseño versátil y su corte ajustado aseguran una excelente comodidad y un look elegante.</li>\n    </ul>\n  </li>\n  <li class=\"_1KuY3T row\" style=\"box-sizing: border-box; margin: 0px; padding: 0px 0px 16px; list-style: none; display: flex; flex-flow: row wrap; width: 731px;\">\n    <div class=\"vmXPri col col-3-12\" style=\"box-sizing: border-box; margin: 0px; padding: 0px 8px 0px 0px; width: 182.75px; display: inline-block; vertical-align: top; color: rgb(135, 135, 135);\">Modelo</div>\n    <ul class=\"_3dG3ix col col-9-12\" style=\"box-sizing: border-box; margin-left: 0px; width: 548.25px; display: inline-block; vertical-align: top; line-height: 1.4;\">\n      <li class=\"sNqDog\" style=\"box-sizing: border-box; margin: 0px; padding: 0px; list-style: none;\">Casaca Denim Blanca</li>\n    </ul>\n  </li>\n  <li class=\"_1KuY3T row\" style=\"box-sizing: border-box; margin: 0px; padding: 0px 0px 16px; list-style: none; display: flex; flex-flow: row wrap; width: 731px;\">\n    <div class=\"vmXPri col col-3-12\" style=\"box-sizing: border-box; margin: 0px; padding: 0px 8px 0px 0px; width: 182.75px; display: inline-block; vertical-align: top; color: rgb(135, 135, 135);\">Tamaño</div>\n    <ul class=\"_3dG3ix col col-9-12\" style=\"box-sizing: border-box; margin-left: 0px; width: 548.25px; display: inline-block; vertical-align: top; line-height: 1.4;\">\n      <li class=\"sNqDog\" style=\"box-sizing: border-box; margin: 0px; padding: 0px; list-style: none;\">Disponible en talla S</li>\n    </ul>\n  </li>\n  <li class=\"_1KuY3T row\" style=\"box-sizing: border-box; margin: 0px; padding: 0px 0px 16px; list-style: none; display: flex; flex-flow: row wrap; width: 731px;\">\n    <div class=\"vmXPri col col-3-12\" style=\"box-sizing: border-box; margin: 0px; padding: 0px 8px 0px 0px; width: 182.75px; display: inline-block; vertical-align: top; color: rgb(135, 135, 135);\">Color</div>\n    <ul class=\"_3dG3ix col col-9-12\" style=\"box-sizing: border-box; margin-left: 0px; width: 548.25px; display: inline-block; vertical-align: top; line-height: 1.4;\">\n      <li class=\"sNqDog\" style=\"box-sizing: border-box; margin: 0px; padding: 0px; list-style: none;\">Blanco</li>\n    </ul>\n  </li>\n  <li class=\"_1KuY3T row\" style=\"box-sizing: border-box; margin: 0px; padding: 0px 0px 16px; list-style: none; display: flex; flex-flow: row wrap; width: 731px;\">\n    <div class=\"vmXPri col col-3-12\" style=\"box-sizing: border-box; margin: 0px; padding: 0px 8px 0px 0px; width: 182.75px; display: inline-block; vertical-align: top; color: rgb(135, 135, 135);\">Material</div>\n    <ul class=\"_3dG3ix col col-9-12\" style=\"box-sizing: border-box; margin-left: 0px; width: 548.25px; display: inline-block; vertical-align: top; line-height: 1.4;\">\n      <li class=\"sNqDog\" style=\"box-sizing: border-box; margin: 0px; padding: 0px; list-style: none;\">Denim</li>\n    </ul>\n  </li>\n</ul>\n', 'blanca.jpg', 'blanca1.jpg', 'blanca2.jpg', 12, 'In Stock', '2024-11-09 16:54:35', ''),
(15, 3, 8, 'Camisa Blanca Manga Corta ', 'John Holden', 20, 24, '<div class=\"HoUsOy\" style=\"box-sizing: border-box; margin: 0px; padding: 0px 0px 16px; font-size: 18px; white-space: nowrap; line-height: 1.4; color: rgb(33, 33, 33); font-family: Roboto, Arial, sans-serif;\">General</div>\n<ul style=\"box-sizing: border-box; margin-bottom: 0px; margin-left: 0px; color: rgb(33, 33, 33); font-family: Roboto, Arial, sans-serif; font-size: 14px;\">\n  <li class=\"_1KuY3T row\" style=\"box-sizing: border-box; margin: 0px; padding: 0px 0px 16px; list-style: none; display: flex; flex-flow: row wrap; width: 731px;\">\n    <div class=\"vmXPri col col-3-12\" style=\"box-sizing: border-box; margin: 0px; padding: 0px 8px 0px 0px; width: 182.75px; display: inline-block; vertical-align: top; color: rgb(135, 135, 135);\">Descripción</div>\n    <ul class=\"_3dG3ix col col-9-12\" style=\"box-sizing: border-box; margin-left: 0px; width: 548.25px; display: inline-block; vertical-align: top; line-height: 1.4;\">\n      <li class=\"sNqDog\" style=\"box-sizing: border-box; margin: 0px; padding: 0px; list-style: none;\">Camisa blanca de manga corta con cuello clásico, diseñada por John Holden. Confeccionada en algodón de alta calidad, esta camisa es perfecta para ocasiones casuales o formales. Su estilo sencillo y cómodo la convierte en una prenda versátil que puede combinarse con pantalones o jeans para un look moderno y fresco.</li>\n    </ul>\n  </li>\n  <li class=\"_1KuY3T row\" style=\"box-sizing: border-box; margin: 0px; padding: 0px 0px 16px; list-style: none; display: flex; flex-flow: row wrap; width: 731px;\">\n    <div class=\"vmXPri col col-3-12\" style=\"box-sizing: border-box; margin: 0px; padding: 0px 8px 0px 0px; width: 182.75px; display: inline-block; vertical-align: top; color: rgb(135, 135, 135);\">Modelo</div>\n    <ul class=\"_3dG3ix col col-9-12\" style=\"box-sizing: border-box; margin-left: 0px; width: 548.25px; display: inline-block; vertical-align: top; line-height: 1.4;\">\n      <li class=\"sNqDog\" style=\"box-sizing: border-box; margin: 0px; padding: 0px; list-style: none;\">Camisa Blanca Manga Corta</li>\n    </ul>\n  </li>\n  <li class=\"_1KuY3T row\" style=\"box-sizing: border-box; margin: 0px; padding: 0px 0px 16px; list-style: none; display: flex; flex-flow: row wrap; width: 731px;\">\n    <div class=\"vmXPri col col-3-12\" style=\"box-sizing: border-box; margin: 0px; padding: 0px 8px 0px 0px; width: 182.75px; display: inline-block; vertical-align: top; color: rgb(135, 135, 135);\">Tamaño</div>\n    <ul class=\"_3dG3ix col col-9-12\" style=\"box-sizing: border-box; margin-left: 0px; width: 548.25px; display: inline-block; vertical-align: top; line-height: 1.4;\">\n      <li class=\"sNqDog\" style=\"box-sizing: border-box; margin: 0px; padding: 0px; list-style: none;\">Tamaño S</li>\n    </ul>\n  </li>\n  <li class=\"_1KuY3T row\" style=\"box-sizing: border-box; margin: 0px; padding: 0px 0px 16px; list-style: none; display: flex; flex-flow: row wrap; width: 731px;\">\n    <div class=\"vmXPri col col-3-12\" style=\"box-sizing: border-box; margin: 0px; padding: 0px 8px 0px 0px; width: 182.75px; display: inline-block; vertical-align: top; color: rgb(135, 135, 135);\">Color</div>\n    <ul class=\"_3dG3ix col col-9-12\" style=\"box-sizing: border-box; margin-left: 0px; width: 548.25px; display: inline-block; vertical-align: top; line-height: 1.4;\">\n      <li class=\"sNqDog\" style=\"box-sizing: border-box; margin: 0px; padding: 0px; list-style: none;\">Blanco</li>\n    </ul>\n  </li>\n  <li class=\"_1KuY3T row\" style=\"box-sizing: border-box; margin: 0px; padding: 0px 0px 16px; list-style: none; display: flex; flex-flow: row wrap; width: 731px;\">\n    <div class=\"vmXPri col col-3-12\" style=\"box-sizing: border-box; margin: 0px; padding: 0px 8px 0px 0px; width: 182.75px; display: inline-block; vertical-align: top; color: rgb(135, 135, 135);\">Material</div>\n    <ul class=\"_3dG3ix col col-9-12\" style=\"box-sizing: border-box; margin-left: 0px; width: 548.25px; display: inline-block; vertical-align: top; line-height: 1.4;\">\n      <li class=\"sNqDog\" style=\"box-sizing: border-box; margin: 0px; padding: 0px; list-style: none;\">Algodón</li>\n    </ul>\n  </li>\n</ul>\n', 'camisa.jpg', 'camisa1.jpg', 'camisa2.jpg', 12, 'In Stock', '2024-11-09 16:54:35', ''),
(16, 3, 8, 'Camisa de Cuadros Manga Larga ', 'Topitop', 24, 40, '<div class=\"HoUsOy\" style=\"box-sizing: border-box; margin: 0px; padding: 0px 0px 16px; font-size: 18px; white-space: nowrap; line-height: 1.4; color: rgb(33, 33, 33); font-family: Roboto, Arial, sans-serif;\">General</div>\n<ul style=\"box-sizing: border-box; margin-bottom: 0px; margin-left: 0px; color: rgb(33, 33, 33); font-family: Roboto, Arial, sans-serif; font-size: 14px;\">\n  <li class=\"_1KuY3T row\" style=\"box-sizing: border-box; margin: 0px; padding: 0px 0px 16px; list-style: none; display: flex; flex-flow: row wrap; width: 731px;\">\n    <div class=\"vmXPri col col-3-12\" style=\"box-sizing: border-box; margin: 0px; padding: 0px 8px 0px 0px; width: 182.75px; display: inline-block; vertical-align: top; color: rgb(135, 135, 135);\">Descripción</div>\n    <ul class=\"_3dG3ix col col-9-12\" style=\"box-sizing: border-box; margin-left: 0px; width: 548.25px; display: inline-block; vertical-align: top; line-height: 1.4;\">\n      <li class=\"sNqDog\" style=\"box-sizing: border-box; margin: 0px; padding: 0px; list-style: none;\">Camisa de cuadros de manga larga de la marca Topitop. Confeccionada en algodón de alta calidad, esta camisa combina confort y estilo, perfecta para cualquier ocasión casual. Su diseño clásico de cuadros y su ajuste cómodo la convierten en una prenda esencial para tu guardarropa. Ideal para combinar con jeans o pantalones para un look moderno y relajado.</li>\n    </ul>\n  </li>\n  <li class=\"_1KuY3T row\" style=\"box-sizing: border-box; margin: 0px; padding: 0px 0px 16px; list-style: none; display: flex; flex-flow: row wrap; width: 731px;\">\n    <div class=\"vmXPri col col-3-12\" style=\"box-sizing: border-box; margin: 0px; padding: 0px 8px 0px 0px; width: 182.75px; display: inline-block; vertical-align: top; color: rgb(135, 135, 135);\">Modelo</div>\n    <ul class=\"_3dG3ix col col-9-12\" style=\"box-sizing: border-box; margin-left: 0px; width: 548.25px; display: inline-block; vertical-align: top; line-height: 1.4;\">\n      <li class=\"sNqDog\" style=\"box-sizing: border-box; margin: 0px; padding: 0px; list-style: none;\">Camisa de Cuadros Manga Larga</li>\n    </ul>\n  </li>\n  <li class=\"_1KuY3T row\" style=\"box-sizing: border-box; margin: 0px; padding: 0px 0px 16px; list-style: none; display: flex; flex-flow: row wrap; width: 731px;\">\n    <div class=\"vmXPri col col-3-12\" style=\"box-sizing: border-box; margin: 0px; padding: 0px 8px 0px 0px; width: 182.75px; display: inline-block; vertical-align: top; color: rgb(135, 135, 135);\">Tamaño</div>\n    <ul class=\"_3dG3ix col col-9-12\" style=\"box-sizing: border-box; margin-left: 0px; width: 548.25px; display: inline-block; vertical-align: top; line-height: 1.4;\">\n      <li class=\"sNqDog\" style=\"box-sizing: border-box; margin: 0px; padding: 0px; list-style: none;\">Tamaño M</li>\n    </ul>\n  </li>\n  <li class=\"_1KuY3T row\" style=\"box-sizing: border-box; margin: 0px; padding: 0px 0px 16px; list-style: none; display: flex; flex-flow: row wrap; width: 731px;\">\n    <div class=\"vmXPri col col-3-12\" style=\"box-sizing: border-box; margin: 0px; padding: 0px 8px 0px 0px; width: 182.75px; display: inline-block; vertical-align: top; color: rgb(135, 135, 135);\">Color</div>\n    <ul class=\"_3dG3ix col col-9-12\" style=\"box-sizing: border-box; margin-left: 0px; width: 548.25px; display: inline-block; vertical-align: top; line-height: 1.4;\">\n      <li class=\"sNqDog\" style=\"box-sizing: border-box; margin: 0px; padding: 0px; list-style: none;\">Multicolor (Cuadros)</li>\n    </ul>\n  </li>\n  <li class=\"_1KuY3T row\" style=\"box-sizing: border-box; margin: 0px; padding: 0px 0px 16px; list-style: none; display: flex; flex-flow: row wrap; width: 731px;\">\n    <div class=\"vmXPri col col-3-12\" style=\"box-sizing: border-box; margin: 0px; padding: 0px 8px 0px 0px; width: 182.75px; display: inline-block; vertical-align: top; color: rgb(135, 135, 135);\">Material</div>\n    <ul class=\"_3dG3ix col col-9-12\" style=\"box-sizing: border-box; margin-left: 0px; width: 548.25px; display: inline-block; vertical-align: top; line-height: 1.4;\">\n      <li class=\"sNqDog\" style=\"box-sizing: border-box; margin: 0px; padding: 0px; list-style: none;\">Algodón</li>\n    </ul>\n  </li>\n</ul>\n', 'camisac.jpg', 'camisac1.jpg', 'camisac2.jpg', 12, 'In Stock', '2024-11-09 16:54:35', ''),
(17, 5, 9, 'Gorra Negra y Beige Casual', 'Billabong', 12, 14, '<div class=\"HoUsOy\" style=\"box-sizing: border-box; margin: 0px; padding: 0px 0px 16px; font-size: 18px; white-space: nowrap; line-height: 1.4; color: rgb(33, 33, 33); font-family: Roboto, Arial, sans-serif;\">General</div>\n<ul style=\"box-sizing: border-box; margin-bottom: 0px; margin-left: 0px; color: rgb(33, 33, 33); font-family: Roboto, Arial, sans-serif; font-size: 14px;\">\n  <li class=\"_1KuY3T row\" style=\"box-sizing: border-box; margin: 0px; padding: 0px 0px 16px; list-style: none; display: flex; flex-flow: row wrap; width: 731px;\">\n    <div class=\"vmXPri col col-3-12\" style=\"box-sizing: border-box; margin: 0px; padding: 0px 8px 0px 0px; width: 182.75px; display: inline-block; vertical-align: top; color: rgb(135, 135, 135);\">Descripción</div>\n    <ul class=\"_3dG3ix col col-9-12\" style=\"box-sizing: border-box; margin-left: 0px; width: 548.25px; display: inline-block; vertical-align: top; line-height: 1.4;\">\n      <li class=\"sNqDog\" style=\"box-sizing: border-box; margin: 0px; padding: 0px; list-style: none;\">Gorra casual en colores negro y beige, de la reconocida marca Billabong. Confeccionada en algodón de alta calidad, ofrece comodidad y estilo. Perfecta para complementar tu look urbano, ya sea para un día de sol o como accesorio de moda. Su diseño ajustable asegura un ajuste perfecto para todos los tamaños. Ideal para quienes buscan un estilo relajado y moderno.</li>\n    </ul>\n  </li>\n  <li class=\"_1KuY3T row\" style=\"box-sizing: border-box; margin: 0px; padding: 0px 0px 16px; list-style: none; display: flex; flex-flow: row wrap; width: 731px;\">\n    <div class=\"vmXPri col col-3-12\" style=\"box-sizing: border-box; margin: 0px; padding: 0px 8px 0px 0px; width: 182.75px; display: inline-block; vertical-align: top; color: rgb(135, 135, 135);\">Modelo</div>\n    <ul class=\"_3dG3ix col col-9-12\" style=\"box-sizing: border-box; margin-left: 0px; width: 548.25px; display: inline-block; vertical-align: top; line-height: 1.4;\">\n      <li class=\"sNqDog\" style=\"box-sizing: border-box; margin: 0px; padding: 0px; list-style: none;\">Gorra Negra y Beige Casual</li>\n    </ul>\n  </li>\n  <li class=\"_1KuY3T row\" style=\"box-sizing: border-box; margin: 0px; padding: 0px 0px 16px; list-style: none; display: flex; flex-flow: row wrap; width: 731px;\">\n    <div class=\"vmXPri col col-3-12\" style=\"box-sizing: border-box; margin: 0px; padding: 0px 8px 0px 0px; width: 182.75px; display: inline-block; vertical-align: top; color: rgb(135, 135, 135);\">Tamaño</div>\n    <ul class=\"_3dG3ix col col-9-12\" style=\"box-sizing: border-box; margin-left: 0px; width: 548.25px; display: inline-block; vertical-align: top; line-height: 1.4;\">\n      <li class=\"sNqDog\" style=\"box-sizing: border-box; margin: 0px; padding: 0px; list-style: none;\">Tamaño Único (Ajustable)</li>\n    </ul>\n  </li>\n  <li class=\"_1KuY3T row\" style=\"box-sizing: border-box; margin: 0px; padding: 0px 0px 16px; list-style: none; display: flex; flex-flow: row wrap; width: 731px;\">\n    <div class=\"vmXPri col col-3-12\" style=\"box-sizing: border-box; margin: 0px; padding: 0px 8px 0px 0px; width: 182.75px; display: inline-block; vertical-align: top; color: rgb(135, 135, 135);\">Color</div>\n    <ul class=\"_3dG3ix col col-9-12\" style=\"box-sizing: border-box; margin-left: 0px; width: 548.25px; display: inline-block; vertical-align: top; line-height: 1.4;\">\n      <li class=\"sNqDog\" style=\"box-sizing: border-box; margin: 0px; padding: 0px; list-style: none;\">Negro y Beige</li>\n    </ul>\n  </li>\n  <li class=\"_1KuY3T row\" style=\"box-sizing: border-box; margin: 0px; padding: 0px 0px 16px; list-style: none; display: flex; flex-flow: row wrap; width: 731px;\">\n    <div class=\"vmXPri col col-3-12\" style=\"box-sizing: border-box; margin: 0px; padding: 0px 8px 0px 0px; width: 182.75px; display: inline-block; vertical-align: top; color: rgb(135, 135, 135);\">Material</div>\n    <ul class=\"_3dG3ix col col-9-12\" style=\"box-sizing: border-box; margin-left: 0px; width: 548.25px; display: inline-block; vertical-align: top; line-height: 1.4;\">\n      <li class=\"sNqDog\" style=\"box-sizing: border-box; margin: 0px; padding: 0px; list-style: none;\">Algodón</li>\n    </ul>\n  </li>\n</ul>\n', 'gorra.jpg', 'gorra1.jpg', 'gorra2.jpg', 12, 'In Stock', '2024-11-09 16:54:35', ''),
(18, 5, 10, 'Set Bufanda Roja y Gorra de Invierno Tejida', 'Now', 13, 23, '<div class=\"HoUsOy\" style=\"box-sizing: border-box; margin: 0px; padding: 0px 0px 16px; font-size: 18px; white-space: nowrap; line-height: 1.4; color: rgb(33, 33, 33); font-family: Roboto, Arial, sans-serif;\">General</div>\n<ul style=\"box-sizing: border-box; margin-bottom: 0px; margin-left: 0px; color: rgb(33, 33, 33); font-family: Roboto, Arial, sans-serif; font-size: 14px;\">\n  <li class=\"_1KuY3T row\" style=\"box-sizing: border-box; margin: 0px; padding: 0px 0px 16px; list-style: none; display: flex; flex-flow: row wrap; width: 731px;\">\n    <div class=\"vmXPri col col-3-12\" style=\"box-sizing: border-box; margin: 0px; padding: 0px 8px 0px 0px; width: 182.75px; display: inline-block; vertical-align: top; color: rgb(135, 135, 135);\">Descripción</div>\n    <ul class=\"_3dG3ix col col-9-12\" style=\"box-sizing: border-box; margin-left: 0px; width: 548.25px; display: inline-block; vertical-align: top; line-height: 1.4;\">\n      <li class=\"sNqDog\" style=\"box-sizing: border-box; margin: 0px; padding: 0px; list-style: none;\">Set de bufanda roja y gorra de invierno de la marca Now, confeccionados en lana de alta calidad. Este conjunto es ideal para protegerte del frío durante la temporada de invierno, brindando comodidad y estilo. La bufanda es amplia y suave, mientras que la gorra ofrece un ajuste perfecto, ambos diseñados para mantenerte abrigado y con un toque moderno. Perfecto para un look casual y cálido durante los días fríos.</li>\n    </ul>\n  </li>\n  <li class=\"_1KuY3T row\" style=\"box-sizing: border-box; margin: 0px; padding: 0px 0px 16px; list-style: none; display: flex; flex-flow: row wrap; width: 731px;\">\n    <div class=\"vmXPri col col-3-12\" style=\"box-sizing: border-box; margin: 0px; padding: 0px 8px 0px 0px; width: 182.75px; display: inline-block; vertical-align: top; color: rgb(135, 135, 135);\">Modelo</div>\n    <ul class=\"_3dG3ix col col-9-12\" style=\"box-sizing: border-box; margin-left: 0px; width: 548.25px; display: inline-block; vertical-align: top; line-height: 1.4;\">\n      <li class=\"sNqDog\" style=\"box-sizing: border-box; margin: 0px; padding: 0px; list-style: none;\">Set Bufanda Roja y Gorra de Invierno</li>\n    </ul>\n  </li>\n  <li class=\"_1KuY3T row\" style=\"box-sizing: border-box; margin: 0px; padding: 0px 0px 16px; list-style: none; display: flex; flex-flow: row wrap; width: 731px;\">\n    <div class=\"vmXPri col col-3-12\" style=\"box-sizing: border-box; margin: 0px; padding: 0px 8px 0px 0px; width: 182.75px; display: inline-block; vertical-align: top; color: rgb(135, 135, 135);\">Tamaño</div>\n    <ul class=\"_3dG3ix col col-9-12\" style=\"box-sizing: border-box; margin-left: 0px; width: 548.25px; display: inline-block; vertical-align: top; line-height: 1.4;\">\n      <li class=\"sNqDog\" style=\"box-sizing: border-box; margin: 0px; padding: 0px; list-style: none;\">Tamaño Único (Ajustable)</li>\n    </ul>\n  </li>\n  <li class=\"_1KuY3T row\" style=\"box-sizing: border-box; margin: 0px; padding: 0px 0px 16px; list-style: none; display: flex; flex-flow: row wrap; width: 731px;\">\n    <div class=\"vmXPri col col-3-12\" style=\"box-sizing: border-box; margin: 0px; padding: 0px 8px 0px 0px; width: 182.75px; display: inline-block; vertical-align: top; color: rgb(135, 135, 135);\">Color</div>\n    <ul class=\"_3dG3ix col col-9-12\" style=\"box-sizing: border-box; margin-left: 0px; width: 548.25px; display: inline-block; vertical-align: top; line-height: 1.4;\">\n      <li class=\"sNqDog\" style=\"box-sizing: border-box; margin: 0px; padding: 0px; list-style: none;\">Rojo</li>\n    </ul>\n  </li>\n  <li class=\"_1KuY3T row\" style=\"box-sizing: border-box; margin: 0px; padding: 0px 0px 16px; list-style: none; display: flex; flex-flow: row wrap; width: 731px;\">\n    <div class=\"vmXPri col col-3-12\" style=\"box-sizing: border-box; margin: 0px; padding: 0px 8px 0px 0px; width: 182.75px; display: inline-block; vertical-align: top; color: rgb(135, 135, 135);\">Material</div>\n    <ul class=\"_3dG3ix col col-9-12\" style=\"box-sizing: border-box; margin-left: 0px; width: 548.25px; display: inline-block; vertical-align: top; line-height: 1.4;\">\n      <li class=\"sNqDog\" style=\"box-sizing: border-box; margin: 0px; padding: 0px; list-style: none;\">Lana</li>\n    </ul>\n  </li>\n</ul>\n', 'bufanda.jpg', 'bufanda1.jpg', 'bufanda2.jpg', 12, 'In Stock', '2024-11-09 16:54:35', ''),
(19, 6, 12, ' Vestido Rosado Manga Larga', 'Mango', 18, 38, '<div class=\"HoUsOy\" style=\"box-sizing: border-box; margin: 0px; padding: 0px 0px 16px; font-size: 18px; white-space: nowrap; line-height: 1.4; color: rgb(33, 33, 33); font-family: Roboto, Arial, sans-serif;\">General</div>\n<ul style=\"box-sizing: border-box; margin-bottom: 0px; margin-left: 0px; color: rgb(33, 33, 33); font-family: Roboto, Arial, sans-serif; font-size: 14px;\">\n  <li class=\"_1KuY3T row\" style=\"box-sizing: border-box; margin: 0px; padding: 0px 0px 16px; list-style: none; display: flex; flex-flow: row wrap; width: 731px;\">\n    <div class=\"vmXPri col col-3-12\" style=\"box-sizing: border-box; margin: 0px; padding: 0px 8px 0px 0px; width: 182.75px; display: inline-block; vertical-align: top; color: rgb(135, 135, 135);\">Descripción</div>\n    <ul class=\"_3dG3ix col col-9-12\" style=\"box-sizing: border-box; margin-left: 0px; width: 548.25px; display: inline-block; vertical-align: top; line-height: 1.4;\">\n      <li class=\"sNqDog\" style=\"box-sizing: border-box; margin: 0px; padding: 0px; list-style: none;\">Vestido rosado de manga larga de la marca Mango, confeccionado en algodón suave y de alta calidad. Este vestido es perfecto para ocasiones formales o informales, brindando comodidad y estilo. Su diseño elegante con mangas largas es ideal para las estaciones de transición. Combina facilidad de uso con un toque moderno, adaptándose a diferentes estilos y momentos. Versátil y cómodo, es una pieza clave en tu guardarropa.</li>\n    </ul>\n  </li>\n  <li class=\"_1KuY3T row\" style=\"box-sizing: border-box; margin: 0px; padding: 0px 0px 16px; list-style: none; display: flex; flex-flow: row wrap; width: 731px;\">\n    <div class=\"vmXPri col col-3-12\" style=\"box-sizing: border-box; margin: 0px; padding: 0px 8px 0px 0px; width: 182.75px; display: inline-block; vertical-align: top; color: rgb(135, 135, 135);\">Modelo</div>\n    <ul class=\"_3dG3ix col col-9-12\" style=\"box-sizing: border-box; margin-left: 0px; width: 548.25px; display: inline-block; vertical-align: top; line-height: 1.4;\">\n      <li class=\"sNqDog\" style=\"box-sizing: border-box; margin: 0px; padding: 0px; list-style: none;\">Vestido Rosado Manga Larga</li>\n    </ul>\n  </li>\n  <li class=\"_1KuY3T row\" style=\"box-sizing: border-box; margin: 0px; padding: 0px 0px 16px; list-style: none; display: flex; flex-flow: row wrap; width: 731px;\">\n    <div class=\"vmXPri col col-3-12\" style=\"box-sizing: border-box; margin: 0px; padding: 0px 8px 0px 0px; width: 182.75px; display: inline-block; vertical-align: top; color: rgb(135, 135, 135);\">Tamaño</div>\n    <ul class=\"_3dG3ix col col-9-12\" style=\"box-sizing: border-box; margin-left: 0px; width: 548.25px; display: inline-block; vertical-align: top; line-height: 1.4;\">\n      <li class=\"sNqDog\" style=\"box-sizing: border-box; margin: 0px; padding: 0px; list-style: none;\">S</li>\n    </ul>\n  </li>\n  <li class=\"_1KuY3T row\" style=\"box-sizing: border-box; margin: 0px; padding: 0px 0px 16px; list-style: none; display: flex; flex-flow: row wrap; width: 731px;\">\n    <div class=\"vmXPri col col-3-12\" style=\"box-sizing: border-box; margin: 0px; padding: 0px 8px 0px 0px; width: 182.75px; display: inline-block; vertical-align: top; color: rgb(135, 135, 135);\">Color</div>\n    <ul class=\"_3dG3ix col col-9-12\" style=\"box-sizing: border-box; margin-left: 0px; width: 548.25px; display: inline-block; vertical-align: top; line-height: 1.4;\">\n      <li class=\"sNqDog\" style=\"box-sizing: border-box; margin: 0px; padding: 0px; list-style: none;\">Rosado</li>\n    </ul>\n  </li>\n  <li class=\"_1KuY3T row\" style=\"box-sizing: border-box; margin: 0px; padding: 0px 0px 16px; list-style: none; display: flex; flex-flow: row wrap; width: 731px;\">\n    <div class=\"vmXPri col col-3-12\" style=\"box-sizing: border-box; margin: 0px; padding: 0px 8px 0px 0px; width: 182.75px; display: inline-block; vertical-align: top; color: rgb(135, 135, 135);\">Material</div>\n    <ul class=\"_3dG3ix col col-9-12\" style=\"box-sizing: border-box; margin-left: 0px; width: 548.25px; display: inline-block; vertical-align: top; line-height: 1.4;\">\n      <li class=\"sNqDog\" style=\"box-sizing: border-box; margin: 0px; padding: 0px; list-style: none;\">Algodón</li>\n    </ul>\n  </li>\n</ul>\n', 'vest.jpg', 'vest1.jpg', 'vest3.jpg', 12, 'In Stock', '2024-11-09 16:54:35', ''),
(20, 6, 12, 'Camiseta Negra de Algodón Fino', 'H&M', 10, 20, '<div class=\"HoUsOy\" style=\"box-sizing: border-box; margin: 0px; padding: 0px 0px 16px; font-size: 18px; white-space: nowrap; line-height: 1.4; color: rgb(33, 33, 33); font-family: Roboto, Arial, sans-serif;\">General</div>\n<ul style=\"box-sizing: border-box; margin-bottom: 0px; margin-left: 0px; color: rgb(33, 33, 33); font-family: Roboto, Arial, sans-serif; font-size: 14px;\">\n  <li class=\"_1KuY3T row\" style=\"box-sizing: border-box; margin: 0px; padding: 0px 0px 16px; list-style: none; display: flex; flex-flow: row wrap; width: 731px;\">\n    <div class=\"vmXPri col col-3-12\" style=\"box-sizing: border-box; margin: 0px; padding: 0px 8px 0px 0px; width: 182.75px; display: inline-block; vertical-align: top; color: rgb(135, 135, 135);\">Descripción</div>\n    <ul class=\"_3dG3ix col col-9-12\" style=\"box-sizing: border-box; margin-left: 0px; width: 548.25px; display: inline-block; vertical-align: top; line-height: 1.4;\">\n      <li class=\"sNqDog\" style=\"box-sizing: border-box; margin: 0px; padding: 0px; list-style: none;\">Camiseta negra de algodón fino de la marca Mango, perfecta para cualquier ocasión casual. Confeccionada con algodón de alta calidad, ofrece comodidad y frescura durante todo el día. Su diseño sencillo y elegante la convierte en un básico esencial en tu guardarropa. Ideal para combinar con pantalones, faldas o jeans, y para llevarla con distintos estilos, desde los más informales hasta los más sofisticados. La camiseta es ligera, transpirable y de un color versátil que se adapta fácilmente a cualquier conjunto.</li>\n    </ul>\n  </li>\n  <li class=\"_1KuY3T row\" style=\"box-sizing: border-box; margin: 0px; padding: 0px 0px 16px; list-style: none; display: flex; flex-flow: row wrap; width: 731px;\">\n    <div class=\"vmXPri col col-3-12\" style=\"box-sizing: border-box; margin: 0px; padding: 0px 8px 0px 0px; width: 182.75px; display: inline-block; vertical-align: top; color: rgb(135, 135, 135);\">Modelo</div>\n    <ul class=\"_3dG3ix col col-9-12\" style=\"box-sizing: border-box; margin-left: 0px; width: 548.25px; display: inline-block; vertical-align: top; line-height: 1.4;\">\n      <li class=\"sNqDog\" style=\"box-sizing: border-box; margin: 0px; padding: 0px; list-style: none;\">Camiseta Negra Algodón Fino</li>\n    </ul>\n  </li>\n  <li class=\"_1KuY3T row\" style=\"box-sizing: border-box; margin: 0px; padding: 0px 0px 16px; list-style: none; display: flex; flex-flow: row wrap; width: 731px;\">\n    <div class=\"vmXPri col col-3-12\" style=\"box-sizing: border-box; margin: 0px; padding: 0px 8px 0px 0px; width: 182.75px; display: inline-block; vertical-align: top; color: rgb(135, 135, 135);\">Tamaño</div>\n    <ul class=\"_3dG3ix col col-9-12\" style=\"box-sizing: border-box; margin-left: 0px; width: 548.25px; display: inline-block; vertical-align: top; line-height: 1.4;\">\n      <li class=\"sNqDog\" style=\"box-sizing: border-box; margin: 0px; padding: 0px; list-style: none;\">S</li>\n    </ul>\n  </li>\n  <li class=\"_1KuY3T row\" style=\"box-sizing: border-box; margin: 0px; padding: 0px 0px 16px; list-style: none; display: flex; flex-flow: row wrap; width: 731px;\">\n    <div class=\"vmXPri col col-3-12\" style=\"box-sizing: border-box; margin: 0px; padding: 0px 8px 0px 0px; width: 182.75px; display: inline-block; vertical-align: top; color: rgb(135, 135, 135);\">Color</div>\n    <ul class=\"_3dG3ix col col-9-12\" style=\"box-sizing: border-box; margin-left: 0px; width: 548.25px; display: inline-block; vertical-align: top; line-height: 1.4;\">\n      <li class=\"sNqDog\" style=\"box-sizing: border-box; margin: 0px; padding: 0px; list-style: none;\">Negro</li>\n    </ul>\n  </li>\n  <li class=\"_1KuY3T row\" style=\"box-sizing: border-box; margin: 0px; padding: 0px 0px 16px; list-style: none; display: flex; flex-flow: row wrap; width: 731px;\">\n    <div class=\"vmXPri col col-3-12\" style=\"box-sizing: border-box; margin: 0px; padding: 0px 8px 0px 0px; width: 182.75px; display: inline-block; vertical-align: top; color: rgb(135, 135, 135);\">Material</div>\n    <ul class=\"_3dG3ix col col-9-12\" style=\"box-sizing: border-box; margin-left: 0px; width: 548.25px; display: inline-block; vertical-align: top; line-height: 1.4;\">\n      <li class=\"sNqDog\" style=\"box-sizing: border-box; margin: 0px; padding: 0px; list-style: none;\">Algodón</li>\n    </ul>\n  </li>\n</ul>\n', 'polo.jpg', 'polo1.jpg', 'polo2.jpg', 12, 'In Stock', '2024-11-09 16:54:35', '');

-- --------------------------------------------------------

--
-- Estructura de tabla para la tabla `subcategory`
--

CREATE TABLE `subcategory` (
  `id` int(11) NOT NULL,
  `categoryid` int(11) DEFAULT NULL,
  `subcategory` varchar(255) DEFAULT NULL,
  `creationDate` timestamp NULL DEFAULT current_timestamp(),
  `updationDate` varchar(255) DEFAULT NULL
) ENGINE=InnoDB DEFAULT CHARSET=latin1 COLLATE=latin1_swedish_ci;

--
-- Volcado de datos para la tabla `subcategory`
--

INSERT INTO `subcategory` (`id`, `categoryid`, `subcategory`, `creationDate`, `updationDate`) VALUES
(2, 4, 'Blusas', '2024-11-04 19:17:37', '2024-13-04 19:00:02'),
(3, 4, 'Vestidos', '2024-11-04 19:17:37', ''),
(4, 4, 'Pantalones', '2024-11-04 19:17:37', ''),
(5, 4, 'Faldas', '2024-11-04 19:17:37', ''),
(6, 4, 'Abrigos', '2024-11-04 19:17:37', ''),
(7, 4, 'Jeans', '2024-11-04 19:17:37', ''),
(8, 3, 'Camisas', '2024-11-04 19:17:37', ''),
(9, 5, 'Gorras', '2024-11-04 19:17:37', ''),
(10, 5, 'Bufandas', '2024-11-04 19:17:37', ''),
(11, 5, 'Bolsos', '2024-11-04 19:17:37', ''),
(12, 6, '50%', '2024-11-04 19:17:37', '');

-- --------------------------------------------------------

--
-- Estructura de tabla para la tabla `userlog`
--

CREATE TABLE `userlog` (
  `id` int(11) NOT NULL,
  `userEmail` varchar(255) DEFAULT NULL,
  `userip` binary(16) DEFAULT NULL,
  `loginTime` timestamp NULL DEFAULT current_timestamp(),
  `logout` varchar(255) DEFAULT NULL,
  `status` int(11) DEFAULT NULL
) ENGINE=InnoDB DEFAULT CHARSET=latin1 COLLATE=latin1_swedish_ci;

--
-- Volcado de datos para la tabla `userlog`
--

INSERT INTO `userlog` (`id`, `userEmail`, `userip`, `loginTime`, `logout`, `status`) VALUES
(1, 'anuj.lpu1@gmail.com', 0x3a3a3100000000000000000000000000, '2017-02-26 11:18:50', '', 1),
(2, 'anuj.lpu1@gmail.com', 0x3a3a3100000000000000000000000000, '2017-02-26 11:29:33', '', 1),
(3, 'anuj.lpu1@gmail.com', 0x3a3a3100000000000000000000000000, '2017-02-26 11:30:11', '', 1),
(4, 'anuj.lpu1@gmail.com', 0x3a3a3100000000000000000000000000, '2017-02-26 15:00:23', '26-02-2017 11:12:06 PM', 1),
(5, 'anuj.lpu1@gmail.com', 0x3a3a3100000000000000000000000000, '2017-02-26 18:08:58', '', 0),
(6, 'anuj.lpu1@gmail.com', 0x3a3a3100000000000000000000000000, '2017-02-26 18:09:41', '', 0),
(7, 'anuj.lpu1@gmail.com', 0x3a3a3100000000000000000000000000, '2017-02-26 18:10:04', '', 0),
(8, 'anuj.lpu1@gmail.com', 0x3a3a3100000000000000000000000000, '2017-02-26 18:10:31', '', 0),
(9, 'anuj.lpu1@gmail.com', 0x3a3a3100000000000000000000000000, '2017-02-26 18:13:43', '', 1),
(10, 'anuj.lpu1@gmail.com', 0x3a3a3100000000000000000000000000, '2017-02-27 18:52:58', '', 0),
(11, 'anuj.lpu1@gmail.com', 0x3a3a3100000000000000000000000000, '2017-02-27 18:53:07', '', 1),
(12, 'anuj.lpu1@gmail.com', 0x3a3a3100000000000000000000000000, '2017-03-03 18:00:09', '', 0),
(13, 'anuj.lpu1@gmail.com', 0x3a3a3100000000000000000000000000, '2017-03-03 18:00:15', '', 1),
(14, 'anuj.lpu1@gmail.com', 0x3a3a3100000000000000000000000000, '2017-03-06 18:10:26', '', 1),
(15, 'anuj.lpu1@gmail.com', 0x3a3a3100000000000000000000000000, '2017-03-07 12:28:16', '', 1),
(16, 'anuj.lpu1@gmail.com', 0x3a3a3100000000000000000000000000, '2017-03-07 18:43:27', '', 1),
(17, 'anuj.lpu1@gmail.com', 0x3a3a3100000000000000000000000000, '2017-03-07 18:55:33', '', 1),
(18, 'anuj.lpu1@gmail.com', 0x3a3a3100000000000000000000000000, '2017-03-07 19:44:29', '', 1),
(19, 'anuj.lpu1@gmail.com', 0x3a3a3100000000000000000000000000, '2017-03-08 19:21:15', '', 1),
(20, 'anuj.lpu1@gmail.com', 0x3a3a3100000000000000000000000000, '2017-03-15 17:19:38', '', 1),
(21, 'anuj.lpu1@gmail.com', 0x3a3a3100000000000000000000000000, '2017-03-15 17:20:36', '15-03-2017 10:50:39 PM', 1),
(22, 'anuj.lpu1@gmail.com', 0x3a3a3100000000000000000000000000, '2017-03-16 01:13:57', '', 1),
(23, 'hgfhgf@gmass.com', 0x3a3a3100000000000000000000000000, '2018-04-29 09:30:40', '', 1),
(24, 'ajch17021@gmail.com', 0x3a3a3100000000000000000000000000, '2024-11-13 20:50:24', NULL, 0),
(25, 'ajch17021@gmail.com', 0x3a3a3100000000000000000000000000, '2024-11-13 20:50:33', NULL, 0),
(26, 'ajch17021@gmail.com', 0x3a3a3100000000000000000000000000, '2024-11-13 20:50:52', NULL, 0),
(27, 'ajch17021@gmail.com', 0x3a3a3100000000000000000000000000, '2024-11-13 20:51:04', NULL, 0);

-- --------------------------------------------------------

--
-- Estructura de tabla para la tabla `users`
--

CREATE TABLE `users` (
  `id` int(11) NOT NULL,
  `name` varchar(255) DEFAULT NULL,
  `email` varchar(255) DEFAULT NULL,
  `contactno` bigint(11) DEFAULT NULL,
  `password` varchar(255) DEFAULT NULL,
  `shippingAddress` longtext DEFAULT NULL,
  `shippingState` varchar(255) DEFAULT NULL,
  `shippingCity` varchar(255) DEFAULT NULL,
  `shippingPincode` int(11) DEFAULT NULL,
  `billingAddress` longtext DEFAULT NULL,
  `billingState` varchar(255) DEFAULT NULL,
  `billingCity` varchar(255) DEFAULT NULL,
  `billingPincode` int(11) DEFAULT NULL,
  `regDate` timestamp NOT NULL DEFAULT current_timestamp(),
  `updationDate` varchar(255) DEFAULT NULL
) ENGINE=InnoDB DEFAULT CHARSET=latin1 COLLATE=latin1_swedish_ci;

--
-- Volcado de datos para la tabla `users`
--

INSERT INTO `users` (`id`, `name`, `email`, `contactno`, `password`, `shippingAddress`, `shippingState`, `shippingCity`, `shippingPincode`, `billingAddress`, `billingState`, `billingCity`, `billingPincode`, `regDate`, `updationDate`) VALUES
(1, 'Andrea Castro Haro', 'ajch17021@gmail.com', 970919293, 'Andrea123', 'Av. Javier Prado Este 6597', 'La Molina', 'Lima', 110001, 'Av. Javier Prado Este 6597', 'La Molina', 'Lima', 110092, '2024-11-07 19:30:50', ''),
(2, 'Andrea Haro', 'andreach170299@gmail.com', 970919293, 'Andrea123', '', '', '', 0, '', '', '', 0, '2024-11-07 19:30:50', ''),
(3, 'Jahzeel Castro', 'andrea.castroha@usil.pe', 970919293, 'Andrea123', '', '', '', 0, '', '', '', 0, '2024-11-07 19:30:50', '');

-- --------------------------------------------------------

--
-- Estructura de tabla para la tabla `wishlist`
--

CREATE TABLE `wishlist` (
  `id` int(11) NOT NULL,
  `userId` int(11) DEFAULT NULL,
  `productId` int(11) DEFAULT NULL,
  `postingDate` timestamp NOT NULL DEFAULT current_timestamp()
) ENGINE=InnoDB DEFAULT CHARSET=latin1 COLLATE=latin1_swedish_ci;

--
-- Volcado de datos para la tabla `wishlist`
--

INSERT INTO `wishlist` (`id`, `userId`, `productId`, `postingDate`) VALUES
(1, 1, 0, '2017-02-27 18:53:17');

--
-- Índices para tablas volcadas
--

--
-- Indices de la tabla `admin`
--
ALTER TABLE `admin`
  ADD PRIMARY KEY (`id`);

--
-- Indices de la tabla `category`
--
ALTER TABLE `category`
  ADD PRIMARY KEY (`id`);

--
-- Indices de la tabla `orders`
--
ALTER TABLE `orders`
  ADD PRIMARY KEY (`id`);

--
-- Indices de la tabla `ordertrackhistory`
--
ALTER TABLE `ordertrackhistory`
  ADD PRIMARY KEY (`id`);

--
-- Indices de la tabla `productreviews`
--
ALTER TABLE `productreviews`
  ADD PRIMARY KEY (`id`);

--
-- Indices de la tabla `products`
--
ALTER TABLE `products`
  ADD PRIMARY KEY (`id`);

--
-- Indices de la tabla `subcategory`
--
ALTER TABLE `subcategory`
  ADD PRIMARY KEY (`id`);

--
-- Indices de la tabla `userlog`
--
ALTER TABLE `userlog`
  ADD PRIMARY KEY (`id`);

--
-- Indices de la tabla `users`
--
ALTER TABLE `users`
  ADD PRIMARY KEY (`id`);

--
-- Indices de la tabla `wishlist`
--
ALTER TABLE `wishlist`
  ADD PRIMARY KEY (`id`);

--
-- AUTO_INCREMENT de las tablas volcadas
--

--
-- AUTO_INCREMENT de la tabla `admin`
--
ALTER TABLE `admin`
  MODIFY `id` int(11) NOT NULL AUTO_INCREMENT, AUTO_INCREMENT=2;

--
-- AUTO_INCREMENT de la tabla `category`
--
ALTER TABLE `category`
  MODIFY `id` int(11) NOT NULL AUTO_INCREMENT, AUTO_INCREMENT=7;

--
-- AUTO_INCREMENT de la tabla `orders`
--
ALTER TABLE `orders`
  MODIFY `id` int(11) NOT NULL AUTO_INCREMENT, AUTO_INCREMENT=7;

--
-- AUTO_INCREMENT de la tabla `ordertrackhistory`
--
ALTER TABLE `ordertrackhistory`
  MODIFY `id` int(11) NOT NULL AUTO_INCREMENT, AUTO_INCREMENT=5;

--
-- AUTO_INCREMENT de la tabla `productreviews`
--
ALTER TABLE `productreviews`
  MODIFY `id` int(11) NOT NULL AUTO_INCREMENT, AUTO_INCREMENT=5;

--
-- AUTO_INCREMENT de la tabla `products`
--
ALTER TABLE `products`
  MODIFY `id` int(11) NOT NULL AUTO_INCREMENT, AUTO_INCREMENT=21;

--
-- AUTO_INCREMENT de la tabla `subcategory`
--
ALTER TABLE `subcategory`
  MODIFY `id` int(11) NOT NULL AUTO_INCREMENT, AUTO_INCREMENT=13;

--
-- AUTO_INCREMENT de la tabla `userlog`
--
ALTER TABLE `userlog`
  MODIFY `id` int(11) NOT NULL AUTO_INCREMENT, AUTO_INCREMENT=28;

--
-- AUTO_INCREMENT de la tabla `users`
--
ALTER TABLE `users`
  MODIFY `id` int(11) NOT NULL AUTO_INCREMENT, AUTO_INCREMENT=4;

--
-- AUTO_INCREMENT de la tabla `wishlist`
--
ALTER TABLE `wishlist`
  MODIFY `id` int(11) NOT NULL AUTO_INCREMENT, AUTO_INCREMENT=2;
COMMIT;

/*!40101 SET CHARACTER_SET_CLIENT=@OLD_CHARACTER_SET_CLIENT */;
/*!40101 SET CHARACTER_SET_RESULTS=@OLD_CHARACTER_SET_RESULTS */;
/*!40101 SET COLLATION_CONNECTION=@OLD_COLLATION_CONNECTION */;
